time_s,x_base_m,dx_base_mps,ax_base_mps2,fx_desired_N,fx_qp_feasible_N,fx_qp_slack_N,fx_qp_contact_N,fx_actual_from_base_N,fx_actual_filtered_N,qp_feasible
0,0,0,-2.66438815821714,0,-0.110252442366892,-0.110252442366892,-17.0952255734699,-7.99316447465143,-0.793870613962648,1
0.005,-3.55519256038913e-05,-0.0133219407910857,-1.15469960294055,2.56965080690643,2.41544102201469,-0.154209784891742,-23.1010610379841,-3.46409880882164,-0.637993270370403,1
0.01,-0.00010412857065593,-0.0115469960294055,0.863631016934892,2.25149069514666,2.06646615315476,-0.185024541991905,-21.312599337635,2.59089305080468,-0.467530476929902,1
0.015,-0.000143416978649888,-0.0046856306217368,1.13814405065668,0.947029402690375,0.742218147973512,-0.204811254716863,-17.6865976967583,3.41443215197005,-0.335050993113385,1
0.02,-0.000154630329228318,-0.000165555522838646,0.687727072208927,0.0828435753440938,-0.142596562406866,-0.22544013775096,-16.3213259333399,2.06318121662678,-0.257447468565242,1
0.025,-0.000148666730009675,0.00219164010035247,0.28166833010051,-0.37172467627569,-0.621300194345422,-0.249575518069732,-15.5645462504484,0.84500499030153,-0.221406473263258,1
0.03,-0.0001359985763415,0.00265112777816645,-0.206601380919231,-0.464132505815547,-0.741351237652085,-0.277218731836538,-15.3146195699034,-0.619804142757694,-0.217349200431217,1
0.035,-0.000127834084095076,0.000125626291160153,-0.593052030638901,0.0180869328823899,-0.290432578298593,-0.308519511180983,-17.6836987618559,-1.7791560919167,-0.230216084988326,1
0.04,-0.000135790105202837,-0.00327939252822255,-0.643153326803667,0.674502933989182,0.328324908388666,-0.346178025600506,-20.1402644613037,-1.929459980411,-0.246586951359986,1
0.045,-0.000160374879476,-0.00630590697687652,-0.519913117175342,1.26373372772609,0.87358129310692,-0.390152434619169,-22.0440850882259,-1.55973935152603,-0.258520520742561,1
0.05,-0.000197848857418441,-0.00847852369997597,-0.100221771069221,1.69326551250396,1.25406997818896,-0.439195534315002,-23.2428923292209,-0.300665313207662,-0.263748713501046,1
0.055,-0.000237991473687445,-0.00730812468756872,0.358885836381429,1.48179439085768,0.991193443633817,-0.490600947223865,-20.7502916072774,1.07665750914429,0.104991922728499,1
0.06,-0.000268783361797533,-0.00488966533616168,0.52600768145204,1.02759893240614,0.488798281633201,-0.538800650773013,-17.4870350698384,1.57802304435612,0.262575717291921,1
0.065,-0.000285443479677413,-0.00204804787304832,0.462394098833778,0.487487937588661,-0.0921385763314044,-0.579626513920064,-14.2987532525937,1.38718229650133,0.134148373777912,1
0.07,-0.000290660411488076,-0.000265724347823906,0.276333958369586,0.146991005868373,-0.47099951730092,-0.617990523169444,-12.9831808721286,0.829001875108757,-0.032874013203282,1
0.075,-0.000289166577484039,0.000715291710647535,0.106402818755501,-0.041864650094271,-0.699863325018378,-0.657998674924107,-11.9505422601214,0.319208456266504,-0.135715895421824,1
0.08,-0.000285154728075665,0.00079830383973111,-0.0508109450395209,-0.0591282281315153,-0.759141239584455,-0.70001301145294,-11.2004580175146,-0.152432835118563,-0.181204173459973,1
0.085,-0.000282590330444482,0.000207182260252327,-0.149651040819725,0.0535248280007945,-0.690147937299924,-0.743672765300718,-10.6251628962811,-0.448953122459174,-0.157485491844832,1
0.09,-0.000283973684259304,-0.000698206568466135,-0.180420848683291,0.227823011757144,-0.5606169765259,-0.788439988283043,-10.1015835698764,-0.541262546049873,-0.0790152981027195,1
0.095,-0.000290175063554925,-0.00159702622658059,-0.161752779670493,0.402450676090022,-0.431346346586485,-0.833797022676507,-9.52933806097095,-0.485258339011478,0.00634174233497178,1
0.1,-0.000300477861469885,-0.00231573436517106,-0.122770856223584,0.543849783031269,-0.335582668038268,-0.879432451069531,-8.86712613010399,-0.368312568670751,0.0741356310773827,1
0.105,-0.000313746816630385,-0.00282473478881642,-0.0832037046103285,0.645962802230727,-0.279285992125856,-0.925248794356584,-8.11768569063751,-0.249611113830986,0.0820471451565789,1
0.11,-0.00032901713446144,-0.00314777141127435,-0.051613040996597,0.713030187950443,-0.258184785972118,-0.971214973922561,-7.29257076721991,-0.154839122989791,0.0245166860291516,1
0.115,-0.000345493355892223,-0.00334086519878239,-0.0353603876631676,0.755545741049336,-0.261818590077592,-1.01736433112693,-6.41275399394325,-0.106081162989503,-0.0566488181889166,1
0.12,-0.000362804002747415,-0.00350137528790602,-0.0310126582116772,0.792080489949907,-0.271801631264106,-1.06388212121393,-5.52330309398649,-0.0930379746350315,-0.128630505310503,1
0.125,-0.000380881210824979,-0.00365099178089916,-0.0321661033208647,0.826776689246684,-0.283923830403463,-1.11070051965015,-4.62499221420325,-0.0964983099625942,-0.173875585706407,1
0.13,-0.000399756211164198,-0.00382303632111467,-0.0367496161665338,0.866042655616,-0.291782302125801,-1.1578249577418,-3.73149618028672,-0.110248848499601,-0.194573670302351,1
0.135,-0.000419553713023893,-0.0040184879425645,-0.0405706096132479,0.910107547282847,-0.295033778245675,-1.20514132552852,-2.84051462891979,-0.121711828839744,-0.192606127425895,1
0.14,-0.000440380796057377,-0.00422874241724715,-0.0437606744441111,0.957354643536839,-0.295143264680197,-1.25249790821704,-1.94759418965417,-0.131282023332333,-0.176404175160669,1
0.145,-0.000462302197097147,-0.00445609468700561,-0.0456540437398279,1.00824596512112,-0.291553698728436,-1.29979966384955,-1.05714034570782,-0.136962131219484,-0.155683498569477,1
0.15,-0.000485371709783151,-0.00468528285464543,-0.0453558959784657,1.05986887510704,-0.28697632011235,-1.34684519521941,-0.163284206655307,-0.136067687935397,-0.137420646098092,1
0.155,-0.000509580231476594,-0.00490965364679027,-0.0448411725148474,1.11094288972524,-0.282517862017668,-1.39346075174291,0.734589642274951,-0.134523517544542,-0.124486240169804,1
0.16,-0.000534902581958591,-0.0051336945797939,-0.0438273775105618,1.16232133171481,-0.277197814407819,-1.43951914612263,1.63135811984681,-0.131482132531685,-0.116915106556895,1
0.165,-0.000561322509028054,-0.00534792742189589,-0.0421508480744374,1.21217894352472,-0.272606685355349,-1.48478562888007,2.53032308237197,-0.126452544223312,-0.113528951610975,1
0.17,-0.000588794234490673,-0.00555520306053828,-0.0414777110173286,1.26104800187987,-0.268045099732186,-1.52909310161204,3.4277853169203,-0.124433133051986,-0.112099960458101,1
0.175,-0.000617290994493605,-0.00576270453206917,-0.0403816044017392,1.31029886664429,-0.261994835927855,-1.57229370257214,4.31821591146241,-0.121144813205217,-0.110896573482055,1
0.18,-0.000646802076428572,-0.00595901910455567,-0.0384837734161107,1.3577366708162,-0.25635167016949,-1.61408834098569,5.20596720342076,-0.115451320248332,-0.109102817382888,1
0.185,-0.000677273860656164,-0.00614754226623028,-0.0370381449043246,1.4039956694672,-0.250296577105576,-1.654292246573,6.08678855428582,-0.111114434712974,-0.106224037313828,1
0.19,-0.000708671136736673,-0.00632940055359891,-0.0362373749631461,1.44928054029026,-0.243409027764057,-1.69268956805432,6.95771530347227,-0.108712124889438,-0.102329217077499,1
0.195,-0.000740965512635683,-0.00650991601586174,-0.0353761125449455,1.49460378210135,-0.23450819295205,-1.7291119750534,7.81343218470135,-0.106128337634836,-0.097453378987905,1
0.2,-0.000774141661596902,-0.00668316167904837,-0.0339128123707994,1.53882231097898,-0.224455746284863,-1.76327805726384,8.65431752841285,-0.101738437112398,-0.0917702828537183,1
0.205,-0.000808159941059124,-0.00684904413956974,-0.0322300147255675,1.58190510359685,-0.21306722236403,-1.79497232596088,9.47748305014595,-0.0966900441767026,-0.0855050114856478,1
0.21,-0.000842977980818667,-0.00700546182630404,-0.0302057693199663,1.62343465282665,-0.200524800105195,-1.82395945293185,10.2806299127229,-0.0906173079598989,-0.078885574132641,1
0.215,-0.000878543841930674,-0.0071511018327694,-0.0279099563751512,1.66314172165525,-0.186875761463322,-1.85001748311867,11.0609442624853,-0.0837298691254536,-0.0720647358333002,1
0.22,-0.000914799107578616,-0.00728456139005556,-0.0253574495930505,1.70073767995416,-0.172192406212844,-1.872930086167,11.8154622390548,-0.0760723487791515,-0.0649361993800893,1
0.225,-0.000951678831707851,-0.0074046763286999,-0.0225889493793573,1.73597755465727,-0.156516449883978,-1.89249400454125,12.5409747499258,-0.0677668481380718,-0.05736761452624,1
0.23,-0.000989112625001813,-0.00751045088384913,-0.0196098106266977,1.76864691039315,-0.139875172122796,-1.90852208251594,13.2340741186133,-0.0588294318800931,-0.049323897657098,1
0.235,-0.00102702489256426,-0.00760077443496688,-0.0165981556831088,1.79850753986709,-0.122335550791355,-1.92084309065844,13.8912903350989,-0.0497944670493265,-0.0409192437867276,1
0.24,-0.00106534214665994,-0.00767643244068022,-0.0133068679589518,1.82568599291091,-0.103649033317173,-1.92933502622808,14.5084869550214,-0.0399206038768555,-0.0322376417159914,1
0.245,-0.00110397385247142,-0.0077338431145564,-0.00962980781694993,1.84946464704073,-0.0843773668886016,-1.93384201392933,15.0828266661189,-0.0288894234508498,-0.0232084339746847,1
0.25,-0.00114283002182083,-0.00777273051884972,-0.00587237080052101,1.8697608079447,-0.0645138710628053,-1.93427467900751,15.6105866766713,-0.017617112401563,-0.013845151776141,1
0.255,-0.00118181432760103,-0.00779256682256161,-0.00149899640197173,1.88644132294081,-0.0441328894817882,-1.9305742124226,16.0880365525008,-0.00449698920591519,-0.00417280319308319,1
0.26,-0.00122080400913957,-0.00778772048286943,0.00149488895619977,1.89838436068327,-0.0242064626621653,-1.92259082334543,16.5123696182764,0.00448466686859931,0.00578041101087468,1
0.265,-0.00125976734438423,-0.00777761793299961,0.00391849058482395,1.90930946775218,-0.00149392707456179,-1.91080339482674,16.8778169502913,0.0117554717544719,0.0158974782302097,1
0.27,-0.00129861694230747,-0.00774853557702119,0.00774890709803899,1.91655275636942,0.0215782845257259,-1.8949744718437,17.1824381919175,0.023246721294117,0.0259278908308125,1
0.275,-0.00133725456711911,-0.00770012886201922,0.0115023829596163,1.92001563440947,0.0448072431690111,-1.87520839124046,17.4253768229083,0.0345071488788489,0.0359276825028778,1
0.28,-0.00137559437516305,-0.00763351174742503,0.0159244136822551,1.91988364665181,0.0681760200020765,-1.85170762664973,17.6054485165189,0.0477732410467652,0.0459303428250645,1
0.285,-0.00141346408701745,-0.00754088472519667,0.0203488036764821,1.91460234615965,0.0903494105981262,-1.82425293556152,17.7168732341205,0.0610464110294464,0.0557261475793477,1
0.29,-0.00145079355483262,-0.00743002371066021,0.0237330695908287,1.90564160551534,0.112324288319161,-1.79331731719618,17.7617640966832,0.0711992087724862,0.0653252938952313,1
0.295,-0.0014875797478316,-0.00730355402928838,0.0269670792260009,1.89350450615436,0.133983274067646,-1.75952123208672,17.74754775804,0.0809012376780026,0.0746317147128635,1
0.3,-0.00152362020075782,-0.0071603529184002,0.0301668628448604,1.87790861947992,0.155350113457525,-1.7225585060224,17.6600252397294,0.0905005885345813,0.083665953717854,1
0.305,-0.0015588700065765,-0.00700188540083978,0.0337936277106053,1.85912041348322,0.17625779986114,-1.68286261362208,17.5062385308149,0.101380883131816,0.092365785628847,1
0.31,-0.00159331549224473,-0.00682241664129415,0.0374424847021375,1.83603424232392,0.19508945423654,-1.64094478808738,17.2985856649574,0.112327454106413,0.100549360893428,1
0.315,-0.00162680763965522,-0.0066274605538184,0.0406137012153789,1.80965961611842,0.212755958403395,-1.59690365771502,17.0298531630199,0.121841103646137,0.108357785474283,1
0.32,-0.00165928735603476,-0.00641627962914036,0.0423029318290684,1.77983541637972,0.228779067473705,-1.55105634890602,16.7056996476032,0.126908795487205,0.115864158620181,1
0.325,-0.00169063454161502,-0.00620443123552772,0.0446410921114065,1.74950911980699,0.245930277361773,-1.50357884244522,16.3147156752276,0.13392327633422,0.122862809820564,1
0.33,-0.00172090262471371,-0.00596986870802629,0.0474296728759495,1.71446524267455,0.259562508148469,-1.45490273452595,15.883049391084,0.142289018627848,0.129249491801442,1
0.335,-0.00174995070964164,-0.00573013450676822,0.0489608226532851,1.67802554779769,0.272790793110765,-1.40523475468692,15.3990681806892,0.146882467959855,0.134908750263085,1
0.34,-0.00177776765960231,-0.00548026048149344,0.0505958685280758,1.6392324360179,0.284374472633978,-1.35485796338392,14.872047395771,0.151787605584227,0.13984836527505,1
0.345,-0.00180430413353382,-0.00522417582148747,0.0518380777644737,1.59882404969836,0.294798449877777,-1.30402559982058,14.3037627602375,0.155514233293421,0.144201913707379,1
0.35,-0.00182953415357217,-0.00496187970384871,0.0536098652179839,1.55679165349256,0.303815052745471,-1.25297660074683,13.6991018274781,0.160829595653952,0.147970388636787,1
0.355,-0.00185343826332955,-0.00468807716930763,0.05502645257643,1.51211215151317,0.310197323014362,-1.20191482849884,13.0669131528204,0.16507935772929,0.151141572140917,1
0.36,-0.00187595461635376,-0.00441161517808441,0.0557860304500935,1.46646380592257,0.315397713256999,-1.15106609266556,12.4053264047246,0.16735809135028,0.153637254011017,1
0.365,-0.00189708359525115,-0.00413021686480669,0.0561538610221866,1.41940956786169,0.318805263157541,-1.10060430470415,11.7205839679131,0.16846158306656,0.155438787286763,1
0.37,-0.0019167984747387,-0.00385007656786254,0.0564631026061124,1.37212997252348,0.321408069155414,-1.05072190336807,11.0126263275976,0.169389307818337,0.156600154804494,1
0.375,-0.00193511476172421,-0.00356558583874557,0.0567394655007177,1.32355327588497,0.322013938261939,-1.00153933762304,10.2890793141392,0.170218396502153,0.157320427669447,1
0.38,-0.00195201185017318,-0.00328268191285536,0.0562091568257636,1.27481266788852,0.32159387108432,-0.953218796804198,9.54997428142428,0.168627470477291,0.157495767478036,1
0.385,-0.00196749683199393,-0.00300349427048793,0.0555392229137561,1.22631936628298,0.320427406688148,-0.905891959594828,8.79716019576476,0.166617668741268,0.157052178461119,1
0.39,-0.00198159278356888,-0.0027272896837178,0.0549261087602372,1.17794020515564,0.318283400868054,-0.859656804287585,8.03452574358524,0.164778326280711,0.156160998488414,1
0.395,-0.00199431709859733,-0.00245423318288556,0.0542079086171275,1.12971261459968,0.315109051517163,-0.814603563082516,7.26516294444851,0.162623725851382,0.154800325508456,1
0.4,-0.00200568759428046,-0.00218521059754653,0.0533464037318594,1.08181256338211,0.310997243945404,-0.770815319436703,6.49141879642509,0.160039211195578,0.153020332396424,1
0.405,-0.00201572658359361,-0.00192076914556697,0.0523651473737686,1.03435248870194,0.305991321324267,-0.728361167377674,5.71566279455423,0.157095442121306,0.150740431645868,1
0.41,-0.00202445898919706,-0.00166155912380884,0.0512634008013065,0.987465481359606,0.300165252406859,-0.687300228952748,4.94003883007498,0.15379020240392,0.148007364642724,1
0.415,-0.00203191287403781,-0.0014081351375539,0.0500532176323593,0.941267295512642,0.293586073984265,-0.64768122152838,4.16659042720986,0.150159652897078,0.1449118563025,1
0.42,-0.00203811892749026,-0.00116102694748525,0.048743273839495,0.895869782160738,0.286325856979878,-0.609543925180861,3.39722658642621,0.146229821518485,0.141507550823467,1
0.425,-0.00204311032342155,-0.000920702399158952,0.0473448418837435,0.851373724463067,0.27845392169913,-0.572919802763937,2.63374957377044,0.14203452565123,0.137960072762801,1
0.43,-0.00204692240353831,-0.000687578528647813,0.0458684707715298,0.807870865552771,0.270037941406942,-0.537832924145829,1.87785481246845,0.137605412314589,0.134094147786126,1
0.435,-0.00204959242429751,-0.000462017691443653,0.0443245497575269,0.765443081692519,0.261142372464108,-0.50430070922841,1.13113911684049,0.132973649272581,0.129821887929527,1
0.44,-0.00205115929308106,-0.000244333031072543,0.0427225628443522,0.724163345179956,0.251828664270839,-0.472334680909117,0.395103354697018,0.128167688533057,0.125401225700732,1
0.445,-0.00205166333472296,-3.47920630001311e-05,0.0410711576683683,0.684096335396549,0.2421551912772,-0.441941144119348,-0.3288442937453,0.123213473005105,0.120800336065102,1
0.45,-0.00205114607723809,0.00016637854561114,0.0393781259802494,0.645299285808873,0.232177464090002,-0.413121821718871,-1.03938630271754,0.118134377940748,0.116055047803552,1
0.455,-0.0020496500601428,0.000358989196802363,0.0376505599640925,0.607822646295534,0.221948211642771,-0.38587443465276,-1.73529380297371,0.112951679892278,0.1112556722611,1
0.46,-0.00204721865987081,0.000542884145252065,0.0358949835544232,0.571710643107943,0.211517409257312,-0.360193233850664,-2.41542477793833,0.10768495066327,0.106476154436776,1
0.465,-0.00204389592941593,0.000717939032346596,0.0341174720685209,0.537001699400641,0.200932214498352,-0.336069484902262,-3.0787222096066,0.102352416205563,0.101660612923931,1
0.47,-0.00203972644899599,0.000884058865937275,0.0323237226689583,0.503728773825435,0.190236863672938,-0.313491910152528,-3.72421218425033,0.0969711680068748,0.0967203528883671,1
0.475,-0.00203475518616815,0.00104117625903618,0.0316307561814494,0.471919652527998,0.179472561225052,-0.292447091302946,-4.35100187345856,0.0948922685443483,0.0916945895591325,1
0.48,-0.00202902963407246,0.00120036642775177,0.0296779906639953,0.439463492381778,0.166656173987593,-0.272807318394185,-4.95161640132208,0.0890339719919858,0.0865417673725993,1
0.485,-0.00202254192248053,0.00133795616567613,0.026303337829567,0.410903127562858,0.156118777042301,-0.254784350520557,-5.53942074388828,0.0789100134887011,0.0813415932306,1
0.49,-0.00201539771019934,0.00146339980604744,0.0245945873121909,0.384458141661176,0.146182281465239,-0.238275860195937,-6.10847549550599,0.0737837619365728,0.0760527460994871,1
0.495,-0.00200765008800185,0.00158390203879804,0.0227198813108292,0.358762709756746,0.135568438505803,-0.223194271250943,-6.65360900129625,0.0681596439324877,0.070777908047056,1
0.5,-0.00199933586249967,0.00169059861915573,0.0209908907862815,0.335530985938046,0.125925412464987,-0.209605573473047,-7.17916479218481,0.0629726723588444,0.0656042494975234,1
0.505,-0.00199050751215638,0.00179381094666085,0.0197507749346891,0.312798511548641,0.115404687968376,-0.197393823580335,-7.67924670377877,0.0592523248040674,0.0604797887702607,1
0.51,-0.00198119146022044,0.00188810636850262,0.0189085226035008,0.291617120976606,0.105028056725772,-0.186589064250834,-8.15632661305322,0.0567255678105023,0.0553079207839912,1
0.515,-0.00197142157224941,0.00198289617269586,0.017554610211394,0.270190958198767,0.0931208438106866,-0.177070114388081,-8.60538210373697,0.052663830634182,0.0501193277578149,1
0.52,-0.00196120941709647,0.00206365247061656,0.0154713973834123,0.25131330632405,0.082347826014162,-0.168965480309888,-9.0339136330223,0.046414192150237,0.0450655838586154,1
0.525,-0.00195062286371443,0.00213761014652999,0.0135629305348532,0.233617422338199,0.0714380590597692,-0.16217936327843,-9.43823854961068,0.0406887916045596,0.0401148043460217,1
0.53,-0.00193969779430102,0.00219928177596509,0.0112750865780109,0.218168780343605,0.0614141938228241,-0.156754586520775,-9.8207217188143,0.0338252597340326,0.0351043021753028,1
0.535,-0.00192849626195044,0.00225036101231009,0.00946725177753447,0.204662674841431,0.0520039925193196,-0.152658682322112,-10.1803616018709,0.0284017553326034,0.0302092904612486,1
0.54,-0.0019170641375532,0.00229395429374044,0.00730261983973657,0.192517792060206,0.0426728923593271,-0.149844899700879,-10.5155238474682,0.0219078595192097,0.0256291802903766,1
0.545,-0.00190546290582337,0.00232338721070746,0.00579869647733457,0.183035969529941,0.0346580253984234,-0.148377944131566,-10.828879544627,0.0173960894320037,0.0211235427295883,1
0.55,-0.00189371753083028,0.00235194125851379,0.00485554782164035,0.173675303386433,0.0255833579545689,-0.148091945431867,-11.1149088482618,0.0145666434649211,0.0167150617462637,1
0.555,-0.00188185689540797,0.00237194268892386,0.00350690088941068,0.165918747211121,0.0168586017265724,-0.149060145484548,-11.3766500008969,0.010520702668232,0.0123831794160199,1
0.56,-0.00186991419975056,0.00238701026740789,0.00144748406020571,0.159082432961625,0.007862860618192,-0.151219572343473,-11.61314128734,0.00434245218061714,0.00805936150096466,1
0.565,-0.00185796156071839,0.00238641752952592,-0.000425167628810606,0.155249733536306,0.00053485826467229,-0.154714875271634,-11.8276501397508,-0.00127550288643182,0.00368882237130307,1
0.57,-0.00184601686968285,0.00238275859111979,-0.00125873522587571,0.152008391814771,-0.00736022086685644,-0.159368612681634,-12.0163041968224,-0.00377620567762713,-0.000652854223486953,1
0.575,-0.00183411088100162,0.00237383017726716,-0.00233173391919744,0.149791607508429,-0.0153996292970727,-0.165191236805502,-12.1795192563473,-0.00699520175759231,-0.00485872244373865,1
0.58,-0.0018222705627098,0.00235944125192781,-0.00344275901358326,0.148644965243289,-0.0235280094164605,-0.17217297465975,-12.3177312341987,-0.0103282770407498,-0.00895093356290066,1
0.585,-0.00181052384399841,0.00233940258713133,-0.00458709133438423,0.148614019835853,-0.0316897199544672,-0.18030373979032,-12.4312375919056,-0.0137612740031527,-0.0128723964655488,1
0.59,-0.00179889943909105,0.00231357033858397,-0.00575743336653682,0.149735871298352,-0.0398377902052417,-0.189573661503593,-12.5202799409222,-0.0172723000996105,-0.0166888612699771,1
0.595,-0.00178742670819777,0.00228182825346596,-0.00694487561332707,0.15204253516467,-0.0479307199718278,-0.199973255136498,-12.5850697280546,-0.0208346268399812,-0.0203464454164951,1
0.6,-0.00177613537960012,0.0022441215824507,-0.00813948557244342,0.155554339367278,-0.0559389280334393,-0.211493267400718,-12.6257756574762,-0.0244184567173303,-0.0239366932151283,1
0.605,-0.00176505533889984,0.00220043339774153,-0.00933228552542465,0.160284401765718,-0.0638403807309108,-0.224124782496631,-12.6425447360712,-0.027996856576274,-0.0275367160167838,1
0.61,-0.00175421637224058,0.00215079872719645,-0.0105159504706977,0.166235831506122,-0.0716231632527748,-0.237858994758898,-12.635492343041,-0.031547851412093,-0.0311664263949873,1
0.615,-0.00174364802443134,0.00209527389303455,-0.0116852513041304,0.173407569374351,-0.0792797165608296,-0.252687285935289,-12.6047238756979,-0.0350557539123911,-0.0347666175613462,1
0.62,-0.00173337944185887,0.00203394621415515,-0.0128371259521362,0.181792473011101,-0.0868084803554993,-0.268600953366738,-12.550324829391,-0.0385113778564085,-0.0382157551819642,1
0.625,-0.00172343934271867,0.00196690263351319,-0.0139696801583496,0.191383330861475,-0.094207920756157,-0.285591251617623,-12.4723814841809,-0.0419090404750487,-0.04166640318254,1
0.63,-0.00171385592868805,0.00189424941257165,-0.0150825472992809,0.202169051529066,-0.101480019542613,-0.30364907107167,-12.3709679265666,-0.0452476418978426,-0.0450946528031845,1
0.635,-0.0017046569365806,0.00181607716052038,-0.016175153740526,0.214141395482817,-0.108623558353733,-0.322764953836549,-12.2461669903274,-0.0485254612215781,-0.0483453018017122,1
0.64,-0.00169586955468101,0.00173249787516639,-0.0172480018534637,0.227287835304462,-0.115640877079911,-0.342928712384374,-12.0980531674522,-0.0517440055603912,-0.051631936528384,1
0.645,-0.00168752052296254,0.00164359714198574,-0.0183004691858892,0.241600766917905,-0.122528677701544,-0.364129444619447,-11.9267166896753,-0.0549014075576676,-0.0549953254507591,1
0.65,-0.00167963601097496,0.0015494931833075,-0.0193330381130984,0.257066131385264,-0.129288947467423,-0.386355078852686,-11.7322417148977,-0.0579991143392951,-0.0582903058034355,1
0.655,-0.00167224175631393,0.00145026676085476,-0.0203446117899478,0.273676919863152,-0.135915496942867,-0.409592416806019,-11.5147362223535,-0.0610338353698433,-0.0614927566156798,1
0.66,-0.00166536288588816,0.00134604706540802,-0.0219010717580137,0.291416623130834,-0.142409966367648,-0.433826589498458,-11.2743044203147,-0.0657032152740412,-0.0645787252461305,1
0.665,-0.00165901835165538,0.00123125604327462,-0.023753854104307,0.311362526770879,-0.147661946445798,-0.459024473216677,-11.0162018931484,-0.0712615623129209,-0.067590704317935,1
0.67,-0.0016532608175865,0.00110850852436495,-0.0245691309731361,0.333029952409048,-0.152147121589337,-0.485177073998386,-10.7378992642697,-0.0737073929194084,-0.0705064461691398,1
0.675,-0.0016481341583488,0.00098556473354326,-0.0254132712299062,0.354943365297889,-0.157333103150296,-0.512276468448185,-10.4333667388291,-0.0762398136897187,-0.0733257955966276,1
0.68,-0.00164363291855564,0.00085437581206589,-0.026329481263709,0.378646405286205,-0.161646220746684,-0.54029262603289,-10.1098835852992,-0.0789884437911269,-0.0760486845023688,1
0.685,-0.00163980208184298,0.000722269920906171,-0.0261973020032774,0.402746863284503,-0.16645767700652,-0.569204540291023,-9.7616902980413,-0.0785919060098323,-0.0785447961864193,1
0.69,-0.00163663924935377,0.000592402792033115,-0.0275935344210867,0.42663802309065,-0.172344517303511,-0.598982540394161,-9.38685580222256,-0.08278060326326,-0.0809616195405614,1
0.695,-0.00163413761886156,0.000446334576695304,-0.0293011558231626,0.453858227685014,-0.175746988280166,-0.62960521596518,-9.0003619161287,-0.0879034674694877,-0.0832967463399016,1
0.7,-0.00163238436489642,0.000299391233801492,-0.0300097380820619,0.481493561476969,-0.179532152444714,-0.661025713921684,-8.58974872155961,-0.0900292142461857,-0.0853412417054164,1
0.705,-0.0016313706047414,0.000146237195874688,-0.0305566412581533,0.510565560458306,-0.182646988388935,-0.693212548847241,-8.16020174149401,-0.0916699237744599,-0.0873047610019423,1
0.71,-0.00163113807987687,-6.17517878004096e-06,-0.0309340659385797,0.539753101972239,-0.186359323473624,-0.726112425445863,-7.70692609012132,-0.0928021978157391,-0.0892416904656666,1
0.715,-0.00163167337765074,-0.00016310346351111,-0.031599803973329,0.570061250865171,-0.189627669532329,-0.7596889203975,-7.23488064700115,-0.094799411919987,-0.0909260724152021,1
0.72,-0.00163300272448112,-0.000322173218513331,-0.0320954442625641,0.601042756338898,-0.192841796817147,-0.793884553156045,-6.74276863191618,-0.0962863327876923,-0.0923785708445363,1
0.725,-0.00163513514807102,-0.000484057906136751,-0.0325725719445507,0.632829908960953,-0.19581445227946,-0.828644361240412,-6.23182968514385,-0.0977177158336522,-0.0937568600153384,1
0.73,-0.00163808586569176,-0.000647898937958839,-0.0330299024985381,0.665262877752346,-0.198640785694382,-0.863903663446717,-5.70221158358087,-0.0990897074956142,-0.095010744275328,1
0.735,-0.0016418627582651,-0.000814356931122132,-0.0325553290876347,0.698471108261645,-0.20112635104158,-0.899597459303224,-5.15530829936897,-0.0976659872629041,-0.0961339385390172,1
0.74,-0.00164647911906067,-0.000973452228835186,-0.0330929172195202,0.730542820871917,-0.205069894595008,-0.935612715466925,-4.58507377546388,-0.0992787516585605,-0.0970767787658216,1
0.745,-0.00165189618455135,-0.00114528610331733,-0.0335938894488453,0.765324811352619,-0.206629577100805,-0.971954388453425,-4.00716805140962,-0.100781668346536,-0.0977507114145161,1
0.75,-0.00165818417502865,-0.00130939112332364,-0.0326119367444929,0.798910365022395,-0.209531765012352,-1.00844213003475,-3.40754873164691,-0.0978358102334786,-0.0981699698053514,1
0.755,-0.00166529749258029,-0.00147140547076226,-0.0330776731887799,0.83236699952425,-0.212645039588823,-1.04501203911307,-2.79218774590849,-0.0992330195663398,-0.0983926656097703,1
0.76,-0.00167323015434385,-0.00164016785521144,-0.0339031180360179,0.867389837815726,-0.214221906609351,-1.08161174442508,-2.16854314490165,-0.101709354108054,-0.0984596726018095,1
0.765,-0.00168201466843328,-0.00181043665112244,-0.0336917454047619,0.902983182066393,-0.215124097764714,-1.11810727983111,-1.53384512069177,-0.101075236214286,-0.098193060475061,1
0.77,-0.00169165338204507,-0.00197708530925906,-0.0339213431096459,0.938163471459502,-0.216198478727811,-1.15436195018731,-0.88648029020899,-0.101764029328938,-0.0976693175825262,1
0.775,-0.0017021312762086,-0.0021496500822189,-0.0342171551687514,0.974756778898995,-0.215565972043447,-1.19032275094244,-0.234508855689192,-0.102651465506254,-0.0969694146415651,1
0.78,-0.00171347255557204,-0.00231925686094657,-0.0341904610498334,1.01106720091253,-0.214746348919995,-1.22581354983252,0.426229484861834,-0.1025713831495,-0.0960068467346294,1
0.785,-0.00172566106923865,-0.00249155469271724,-0.0341918411095332,1.04817406415886,-0.212581102916746,-1.26075516707561,1.09003734267016,-0.1025755233286,-0.0947783603165946,1
0.79,-0.00173870672878266,-0.00266117527204191,-0.032797183590908,1.08504988640996,-0.209932219860121,-1.29498210627008,1.75844274411503,-0.098391550772724,-0.0933625389651887,1
0.795,-0.0017525853266347,-0.00281952652862632,-0.0323110629619484,1.12003693305184,-0.20826270315727,-1.32829963620911,2.43418917645084,-0.0969331888858452,-0.0915468832031555,1
0.8,-0.00176725528480352,-0.00298428590166139,-0.0322359645590099,1.15651567649998,-0.204196024679576,-1.36071170117955,3.10453811005878,-0.0967078936770298,-0.0893612429535809,1
0.805,-0.00178273738035426,-0.00314188617421642,-0.0315686087129941,1.19188796973918,-0.200077673209119,-1.39196564294834,3.77551703118387,-0.0947058261389824,-0.0870707009513222,1
0.81,-0.00179899891083432,-0.00329997198879133,-0.0310256902024275,1.227610843668,-0.194384557565892,-1.42199540123375,4.44041471721583,-0.0930770706072823,-0.084499246509365,1
0.815,-0.00181603607601205,-0.00345214307624069,-0.0290677810513405,1.26245414396555,-0.188149132742851,-1.45060327670828,5.10050605174081,-0.0872033431540216,-0.0815817331165515,1
0.82,-0.00183380706398951,-0.00359064979930474,-0.0279336037255852,1.29491607688549,-0.182662219838384,-1.47757829672387,5.75725038423695,-0.0838008111767556,-0.0783404160600748,1
0.825,-0.00185226103083108,-0.00373147911349654,-0.027196123675836,1.3280494699089,-0.174890192779449,-1.50293966268835,6.39958586058768,-0.0815883710275081,-0.0746856111397068,1
0.83,-0.00187139626435666,-0.0038626110360631,-0.0258345965960012,1.35954583108467,-0.166878309117659,-1.52642414020233,7.03119945042462,-0.0775037897880037,-0.0705701344289271,1
0.835,-0.00189116693898783,-0.00398982507945655,-0.0244304975722943,1.39049973940717,-0.15747152683416,-1.54797126624133,7.6466983575248,-0.0732914927168831,-0.066034255053141,1
0.84,-0.00191154768907519,-0.00410691601178604,-0.0226445796277937,1.4197113687212,-0.147671082928049,-1.56738245164925,8.24638475490287,-0.0679337388833811,-0.0609326600339221,1
0.845,-0.00193248417245895,-0.00421627087573449,-0.0203833268852876,1.44762110644638,-0.136954952462325,-1.58457605890871,8.8264019538215,-0.0611499806558628,-0.0556808288065552,1
0.85,-0.00195392685546959,-0.00431074928063892,-0.0182944077018234,1.47284158917521,-0.126504733094948,-1.59934632227282,9.38709893533409,-0.0548832231054701,-0.0503228496863025,1
0.855,-0.00197581629758703,-0.00439921495275272,-0.0165781427286815,1.49705509266198,-0.114657060311487,-1.61171215297344,9.92193185505721,-0.0497344281860444,-0.0445452021230089,1
0.86,-0.00199811304831634,-0.00447653070792573,-0.0150774920950794,1.51926221338997,-0.102249836498878,-1.62151204988884,10.4301704616421,-0.0452324762852382,-0.0384355521042664,1
0.865,-0.00202078063012752,-0.00454998987370352,-0.013480524286324,1.54085128070683,-0.0879317131020919,-1.62878299380892,10.9067546946817,-0.0404415728589719,-0.032088300285207,1
0.87,-0.00204377703218167,-0.00461133595078897,-0.0110025260094248,1.56022311387645,-0.0731299714458007,-1.63335308532225,11.3521879343307,-0.0330075780282744,-0.0257120138632901,1
0.875,-0.00206703908748317,-0.00466001513379777,-0.00833770866706965,1.57725052171047,-0.0579328066127037,-1.63518332832317,11.7645751339347,-0.025013126001209,-0.019158027181734,1
0.88,-0.00209049935227606,-0.00469471303745967,-0.00540881819329364,1.59165886389542,-0.0425726954014673,-1.63423155929689,12.1419154513656,-0.0162264545798809,-0.0123945767122176,1
0.885,-0.0021140831480254,-0.0047141033157307,-0.00243930541933123,1.60316881478822,-0.0272933493553524,-1.63046216414357,12.4823324163124,-0.00731791625799369,-0.00546314247650111,1
0.89,-0.00213771609697643,-0.00471910609165298,0.0015193240249991,1.61193248693028,-0.0119675996476726,-1.62390008657795,12.7835053169957,0.00455797207499731,0.001636042082401,1
0.895,-0.00216126437388698,-0.00469891007548071,0.00396563500066078,1.61582984552252,0.00154005050526787,-1.61428979501726,13.0445470022812,0.0118969050019823,0.00878115786598647,1
0.9,-0.00218473951550941,-0.00467944974164637,0.00519479087982034,1.61984431289725,0.0175427218311114,-1.60230159106614,13.2616385621491,0.015584372639461,0.0159052588393399,1
0.905,-0.00220807187364639,-0.00464696216668251,0.0082075683840453,1.62131030840371,0.0336484679647457,-1.58766184044117,13.4330921283372,0.0246227051521359,0.0228659614775071,1
0.91,-0.0022311610443186,-0.00459737405780592,0.0111989414182032,1.61941257807187,0.0491242244337791,-1.57028835363804,13.5581267167436,0.0335968242546097,0.0298242385178701,1
0.915,-0.00225394768424164,-0.00453497275250048,0.0134050725309882,1.61495472887567,0.0645484589624604,-1.55040626991321,13.6365675352952,0.0402152175929647,0.0369335376087915,1
0.92,-0.00227641596359817,-0.00446332333249604,0.015566223902078,1.60861605651003,0.0802461011009197,-1.52836995540911,13.6713194267978,0.0466986717062339,0.0438664785310337,1
0.925,-0.00229849112126371,-0.0043793105134797,0.0179443030453072,1.5997737185296,0.0955980880146424,-1.50417563051496,13.6604001049824,0.0538329091359215,0.0505090059496527,1
0.93,-0.00232007194566032,-0.00428388030204296,0.020148029610779,1.58857593734799,0.110790579713147,-1.47778535763484,13.5991738342815,0.0604440888323371,0.0569268961297199,1
0.935,-0.0023411232356609,-0.00417783021737191,0.0226854430540143,1.5751642199458,0.125704305356876,-1.44945991458892,13.491486272143,0.0680563291620428,0.063113549856177,1
0.94,-0.0023616324144229,-0.00405702587150282,0.0252637943400204,1.558740580291,0.139218218453093,-1.4195223618379,13.3460141834278,0.0757913830200612,0.0690280655792131,1
0.945,-0.00238149785315116,-0.0039251922739717,0.0273712308573046,1.53998669239947,0.151968239539153,-1.38801845286031,13.1572941493666,0.0821136925719138,0.074424764533152,1
0.95,-0.0024006675542566,-0.00378331356292977,0.0294853799281865,1.51907434965164,0.163954773060671,-1.35511957659097,12.9270108799165,0.0884561397845596,0.279453157841855,1
0.955,-0.00241910269126811,-0.00363033847468984,0.0304305107653466,1.49578888187117,0.17477030926759,-1.32101857260358,12.6589366428941,0.0912915322960399,0.643388996561021,1
0.96,-0.00243672584787863,-0.00347900845527631,0.03212979655386,1.47255118079645,0.186722461986969,-1.28582871880948,12.3433202751804,0.09638938966158,0.929537320103744,1
0.965,-0.00245357780217082,-0.00330904050915124,0.0346876015413703,1.44548022358494,0.195675727295069,-1.24980449628987,12.0020478590137,0.104062804624111,1.14453948647051,1
0.97,-0.00246955211645458,-0.00313213243986261,0.0350500621693712,1.41678693256163,0.203706277362783,-1.21308065519885,11.626891566635,0.105150186508114,1.29472500306405,1
0.975,-0.00248461700332531,-0.00295853988745753,0.0354951659209079,1.3884299718199,0.21260005638136,-1.17582991543854,11.2126490305695,0.106485497762724,1.38969879453207,1
0.98,-0.0024987933793232,-0.00277718078065353,0.0365875225934012,1.35828840695526,0.220080962233911,-1.13820744472135,10.7713988267108,0.109762567780203,1.44219581341293,1
0.985,-0.00251204155725223,-0.00259266466152351,0.0378977578919057,1.32723420065973,0.226861131099598,-1.10037306956013,10.3026139724907,0.113693273675717,1.46585495181949,1
0.99,-0.0025243504919996,-0.00239820320173447,0.0389623046419215,1.29396029623778,0.231508427672555,-1.06245186856522,9.8143357901898,0.116886913925765,1.47236680768239,1
0.995,-0.00253567442936487,-0.0022030416151043,0.0392962167025716,1.2602267368448,0.235618726224851,-1.02460801061995,9.30262376176353,0.117888650107715,1.47028261138934,1
1,-0.00254601274427903,-0.00200524103470875,1.43916438816158,11.2256610391396,9.71800301612238,-1.50765802301723,-19.0327378720293,4.31749316448474,1.32042643800873,1
1.005,-0.00252085346214179,0.0121886022665115,2.55274566191398,8.49202985834855,7.07062337212267,-1.42140648622588,-12.9923755315284,7.65823698574195,0.998984828273046,1
1.01,-0.00243004943014368,0.0235222155844311,2.0112458331831,6.28590972227467,4.94944430733833,-1.33646541493633,-6.31760506973522,6.03373749954931,0.77929379714354,1
1.015,-0.00228675297207835,0.0323010605983426,1.51621410598554,4.55299232310827,3.28489645756204,-1.26809586554623,-1.36454063639994,4.54864231795662,0.682289100441779,1
1.02,-0.00210836991649947,0.0386843566442862,1.06470368868581,3.26845339480766,2.05548411068515,-1.21296928412251,2.08619178526837,3.19411106605743,0.567175373728116,1
1.025,-0.0019035128798986,0.0429480974852007,0.680382764178173,2.38214377430284,1.21411052686198,-1.16803324744086,4.35816900341872,2.04114829253452,0.426887329384868,1
1.03,-0.00168157580307039,0.0454881842860679,0.385423435211377,1.82114915697226,0.690632745789936,-1.13051641118232,5.74715081554389,1.15627030563413,0.275040788924418,1
1.035,-0.00145029584211408,0.0468023318373145,0.185761998456671,1.49245922491848,0.394524143712293,-1.09793508120619,6.52530529187389,0.557285995370013,0.152790092771559,1
1.04,-0.00121460099273063,0.0473458042706346,0.0682684340943158,1.31028697878108,0.241936280739854,-1.06835069804123,6.90799085467172,0.204805302282947,0.0888627725367929,1
1.045,-0.000977412182707374,0.0474850161782576,0.0106744202886678,1.20524250404256,0.164896453260761,-1.04034605078181,7.05388920256728,0.0320232608660035,0.0606364460906118,1
1.05,-0.000740067448443382,0.0474525484735213,-1.02162198280698,-8.86688968346826,-8.9775085374586,-0.110618853990335,27.8232085497163,-3.06486594842093,0.0409391391100403,1
1.055,-0.000525161543779273,0.0372687963501879,-2.22060588822158,-6.98249047926974,-6.83906070576044,0.143429773509369,29.1351419925597,-6.66181766466474,-0.17449091630348,1
1.06,-0.000370466753195392,0.0252464895913055,-1.50740670714119,-4.72519458742667,-4.91608525956826,-0.190890672141597,32.287032933262,-4.52222012142358,-0.546304390315233,1
1.065,-0.000252072949190376,0.0221947292787759,-0.646903080358472,-4.17832491252768,-4.67614347028,-0.497818557752321,30.1529631435183,-1.94070924107542,-0.838389965674763,1
1.07,-0.000149192984587534,0.0187774587877207,-0.771108485454271,-3.55615220565424,-4.03429563070583,-0.478143425051623,21.8462405099213,-2.31332545636281,-1.0573835021337,1
1.075,-6.64352392701926e-05,0.0144836444242332,-0.946966248233361,-2.75903258395777,-3.20215830222708,-0.443125718269306,16.8767972889206,-2.84089874470008,-1.20976938401986,1
1.08,-6.64024382737602e-06,0.00930779630538713,-1.02743061730225,-1.78497406549692,-2.18656533439911,-0.4015912689024,11.7763448406944,-3.08229185190674,-1.30545128408576,1
1.085,2.53547181422141e-05,0.00420933825121073,-0.819167350476609,-0.816596033275763,-1.18262582445735,-0.366029791181587,6.13712241769563,-2.45750205142983,-1.35785572032913,1
1.09,3.62347535540763e-05,0.00111612280062103,-0.409593483751457,-0.226267880909897,-0.56318158669772,-0.336913705787823,2.75002930444265,-1.22878045125437,-1.38115295921912,1
1.095,3.90035669520972e-05,0.000113403413696158,-0.158621980481346,-0.0346524598405668,-0.342081303298054,-0.307428843457487,1.52402421991991,-0.475865941444039,-1.3874711865359,1
1.1,3.79702598826729e-05,-0.000470097004192432,-0.098584932161428,0.0777251625215155,-0.201265768864717,-0.278990931386236,0.470528871898834,-0.295754796484284,-1.38556336403746,1
1.105,3.45322851438994e-05,-0.000872445907918123,-0.0688459997330617,0.156114309331262,-0.0958174827180231,-0.251931792049282,-0.494300173054021,-0.206537999199185,-1.2363818778677,1
1.11,2.94802300745438e-05,-0.00115855700152305,-0.0499486561682854,0.212717862187205,-0.0134757399884616,-0.226193602175666,-1.38771216105779,-0.149845968504856,-0.916142609597473,1
1.115,2.31508251465505e-05,-0.00137193246960098,-0.0333531943336041,0.255777384720439,0.0537486329290735,-0.202028751791365,-2.2333986229288,-0.100059583000812,-0.697870401680022,1
1.12,1.60380320425556e-05,-0.00149208894485909,-0.0167406492270218,0.28119682141017,0.101984100692934,-0.179212720717236,-3.02025647807467,-0.0502219476810654,-0.602820450594415,1
1.125,8.51399478372114e-06,-0.0015393389618712,-0.00199748451733042,0.292753456764743,0.134812942012022,-0.157940514752714,-3.76292591005025,-0.00599245355199127,-0.490307806425189,1
1.13,9.67830914572185e-07,-0.0015120637900324,0.0106094637169058,0.290008003982805,0.151928288033324,-0.138079715949501,-4.45820146996262,0.0318283911507174,-0.352739120400385,1
1.135,-6.29408582327936e-06,-0.00143324432470214,0.0185923815077929,0.277271808769288,0.157568036495527,-0.119703772273755,-5.11562313421258,0.0557771445233788,-0.203895538985325,1
1.14,-1.306930934003e-05,-0.00132613997495447,0.0226813262267385,0.25894400826683,0.156073235553398,-0.102870772713432,-5.74390345134171,0.0680439786802156,-0.0851155547605992,1
1.145,-1.92704241385413e-05,-0.00120643106243475,0.0240408428768715,0.238006478800671,0.150442064419049,-0.0875644143816221,-6.34638173366879,0.0721225286306144,-0.0250926858600497,1
1.15,-2.48631599332284e-05,-0.00108573154618575,0.0240291777776877,0.216677872079669,0.142894403908951,-0.0737834681707122,-6.92548993833917,0.072087533333063,-0.00111820565830609,1
1.155,-2.98548039108664e-05,-0.000966139284657881,0.0226484203813755,0.195363398698559,0.133898656459837,-0.0614647422387288,-7.47933147163813,0.0679452611441265,0.014110398644449,1
1.16,-3.42845731581007e-05,-0.000859247342371995,0.0210689896700021,0.176301962443385,0.125637794267209,-0.0506641681761763,-8.01221286908497,0.0632069690100064,0.0249129588184918,1
1.165,-3.81933836059331e-05,-0.000755449387957859,0.020498748280967,0.157662585392102,0.116402390418661,-0.0412601949734407,-8.517927239129,0.061496244842901,0.0328322206437302,1
1.17,-4.16025543970775e-05,-0.000654259859562325,0.0184465772407759,0.139359075167472,0.106144293839117,-0.033214781328355,-8.99544733089424,0.0553397317223276,0.0381924839143237,1
1.175,-4.45570837026439e-05,-0.0005709836155501,0.0164800237303086,0.124344936538469,0.0976796798396744,-0.0266652566987949,-9.45237694646899,0.0494400711909257,0.0409881546549771,1
1.18,-4.71011563694848e-05,-0.000489459622259239,0.0160145539402737,0.109531719026117,0.0880926494671991,-0.0214390695589177,-9.88039982931342,0.0480436618208212,0.0414844983214758,1
1.185,-4.92560008050636e-05,-0.000410838076147363,0.0144744526031701,0.0951472781291625,0.0776402581069575,-0.0175070200222049,-10.2793731314495,0.0434233578095103,0.0399863290430689,1
1.19,-5.10517893919681e-05,-0.000344715096227538,0.0122925390964706,0.0830441027837854,0.0680844242970171,-0.0149596784867678,-10.6539865482423,0.0368776172894119,0.037155052242214,1
1.195,-5.25530450096029e-05,-0.000287912685182656,0.0105665985523899,0.0726332978215725,0.0588950004211447,-0.0137382974004274,-11.0023838874337,0.0316997956571698,0.033548827544764,1
1.2,-5.37902800903558e-05,-0.000239049110703639,0.0091993809308589,0.0636596348628804,0.0498414984481962,-0.013818136414683,-11.3236679969142,0.0275981427925767,0.0295601197012682,1
1.205,-5.48052655694265e-05,-0.000195918875874067,0.00801529795785785,0.0557134338802086,0.0405642097484489,-0.0151492241317599,-11.6167935621905,0.0240458938735736,0.0253878325275008,1
1.21,-5.56279232015712e-05,-0.00015889613112506,0.00677192148523769,0.0488764140887137,0.0311606616988498,-0.017715752389864,-11.8820073590976,0.0203157644557131,0.0212307903213218,1
1.215,-5.62895555398887e-05,-0.00012819966102169,0.00548617660838346,0.0432009192052978,0.0216974082158259,-0.0215035109894718,-12.1196430319819,0.0164585298251504,0.0171206842634896,1
1.22,-5.68224857248537e-05,-0.000104034365041225,0.00416864856055039,0.0387369638825575,0.0122387464440924,-0.0264982174384652,-12.3300080122255,0.0125059456816512,0.0129166915789615,1
1.225,-5.7259747838053e-05,-8.6513175416186e-05,0.00282904595755214,0.035517139111748,0.00283070757417459,-0.0326864315375734,-12.5133697965235,0.00848713787265641,0.00883374848343122,1
1.23,-5.76349470584595e-05,-7.57439054657039e-05,0.00147692114816055,0.0335732415787748,-0.00648202363437362,-0.0400552652131485,-12.6699904656994,0.00443076344448165,0.00486291093662223,1
1.235,-5.79818951670415e-05,-7.17439639345805e-05,0.000122278768057431,0.032919777830466,-0.0156727352205102,-0.0485925130509762,-12.8000911559178,0.000366836304172293,0.000792842498741081,1
1.24,-5.83344892552669e-05,-7.45211177851296e-05,-0.00122655609819189,0.0335694312869987,-0.0247172963917511,-0.0582867276787498,-12.9038930604052,-0.00367966829457567,-0.00321968619847936,1
1.245,-5.87263849677708e-05,-8.40095249164994e-05,-0.00256224665541144,0.0355206721570032,-0.0336062936221428,-0.0691269657791462,-12.981578884547,-0.00768673996623433,-0.00707995020543815,1
1.25,-5.91909321859356e-05,-0.000100143584339244,-0.00388011202759913,0.0387719159877209,-0.0423311241315335,-0.0811030401192544,-13.0333363503454,-0.0116403360827974,-0.0108498030511809,1
1.255,-5.97609669646446e-05,-0.000122810645192491,-0.00517683243868389,0.0433123747443572,-0.0508927109158012,-0.0942050856601584,-13.059320961346,-0.0155304973160517,-0.0145774352767187,1
1.26,-6.04688248432165e-05,-0.000151911908726083,-0.00645087506187753,0.0491337548413282,-0.0592900965757103,-0.108423851417038,-13.0596974141069,-0.0193526251856326,-0.0182856169485239,1
1.265,-6.13462253842936e-05,-0.000187319395811266,-0.00770175273482293,0.056221956459505,-0.0675282254226788,-0.123750181882185,-13.0346028918879,-0.0231052582044688,-0.0219627072454155,1
1.27,-6.24243478908713e-05,-0.000228929436074312,-0.00892920051072972,0.0645673688602584,-0.0756079203931964,-0.140175289253439,-12.9841868329898,-0.0267876015321892,-0.0255990720463681,1
1.275,-6.3733734437638e-05,-0.000276611400918563,-0.0101340244279364,0.0741549947250887,-0.0835351864298238,-0.157690181154927,-12.9085728931753,-0.0304020732838092,-0.0291867694659173,1
1.28,-6.53044204751867e-05,-0.000330269680353674,-0.0113158390973543,0.0849763932933267,-0.0913095222868061,-0.176285915580132,-12.8079010554252,-0.033947517292063,-0.0327187743984684,1
1.285,-6.71657909156648e-05,-0.000389769791892107,-0.0124759251248943,0.0970154451999015,-0.0989375158562129,-0.195952961056079,-12.6822853116551,-0.0374277753746828,-0.0361895287816926,1
1.29,-6.93467787936783e-05,-0.000455028931602617,-0.013613248277373,0.110265804548782,-0.106415670446481,-0.216681474996965,-12.5318631851893,-0.0408397448321189,-0.0397127437814097,1
1.295,-7.18756325153479e-05,-0.000525902274665837,-0.0147293089522409,0.12470899091946,-0.113751561816554,-0.238460552736015,-12.3567450695321,-0.0441879268567227,-0.0433309441139466,1
1.3,-7.47802046037211e-05,-0.000602322021125026,-0.0158223713678094,0.140341182529127,-0.120937406102961,-0.261278588632192,-12.1570760545825,-0.0474671141034283,-0.0468691084747125,1
1.305,-7.80876046240546e-05,-0.000684125988343931,-0.0168940446479056,0.157140190105303,-0.127982167562595,-0.285122357667897,-11.9329723969547,-0.0506821339437169,-0.0503677368527109,1
1.31,-8.18245980243136e-05,-0.000771262467604083,-0.0179419737447784,0.175104922574039,-0.13487259816009,-0.309977520734105,-11.6845999262049,-0.0538259212343353,-0.0538925446811546,1
1.315,-8.60171254428229e-05,-0.000863545725791716,-0.0189677105930038,0.194208282839922,-0.141619206228797,-0.335827489068729,-11.412093515748,-0.0569031317790115,-0.0571496238423467,1
1.32,-9.06908291962597e-05,-0.000960939573534121,-0.0199683769982845,0.214451788825227,-0.148202330098936,-0.362654118924172,-11.1156553167915,-0.0599051309948536,-0.0600917398979812,1
1.325,-9.58704182448538e-05,-0.00106322949577456,-0.0209452333762942,0.235802410411983,-0.1546339284802,-0.390436338892151,-10.795454475492,-0.0628357001288826,-0.0629299374270534,1
1.33,-0.000101580341861242,-0.00117039190729706,-0.0218949885703053,0.258263691696864,-0.160887346648531,-0.419151038345456,-10.4517464546521,-0.065684965710916,-0.0657209364836242,1
1.335,-0.000107843975557607,-0.00128217938147761,-0.0228183595344085,0.281795843018285,-0.166975653781914,-0.448771496800199,-10.0847529200493,-0.0684550786032255,-0.0684186126306296,1
1.34,-0.000114684464261413,-0.00139857550264115,-0.0245402262299628,0.306403354411125,-0.172865043203163,-0.479268397614269,-9.69479991931751,-0.0736206786898885,-0.0709986159247196,1
1.345,-0.000122127045051549,-0.00152758164377724,-0.0265539584259502,0.333630882109456,-0.176984532505129,-0.510615414614553,-9.28874205642593,-0.0796618752778505,-0.0734669908956078,1
1.35,-0.000130229524503877,-0.00166411508690065,-0.0273293971807727,0.362521592743047,-0.180251475861499,-0.542773068604577,-8.86239825610862,-0.0819881915423182,-0.0758177493368578,1
1.355,-0.000139025901239335,-0.00180087561558497,-0.0283705106735875,0.391685015764027,-0.18400700673441,-0.575692022498447,-8.41137057509304,-0.0851115320207625,-0.0781968269127219,1
1.36,-0.000148515654435268,-0.00194782019363653,-0.0298504872377903,0.423032790759238,-0.186315475420227,-0.609348266179476,-7.94398353670805,-0.0895514617133709,-0.080651266429982,1
1.365,-0.000158743869468699,-0.00209938048796287,-0.0292504291902219,0.455510642352581,-0.188173114659361,-0.643683757011944,-7.45646210206124,-0.0877512875706656,-0.0829361527694547,1
1.37,-0.000169737411000532,-0.00224032448553874,-0.0282965651242642,0.486202780218084,-0.192403723858084,-0.678606504076169,-6.93844974999548,-0.0848896953727926,-0.0850283856428437,1
1.375,-0.00018144086708521,-0.00238234613920552,-0.028796583214235,0.517336234941866,-0.196753769914494,-0.714090004856361,-6.40026278740634,-0.0863897496427051,-0.0868806394522625,1
1.38,-0.000193864848954376,-0.00252829031768109,-0.0296710178239324,0.549460746208922,-0.200615158198731,-0.750075904407654,-5.84433192456809,-0.0890130534717971,-0.088525331501747,1
1.385,-0.000207027841261301,-0.00267905631744484,-0.0301995721263923,0.582755088915055,-0.203739763804983,-0.786494852720038,-5.27170016495468,-0.0905987163791769,-0.0898311358432477,1
1.39,-0.00022095321832862,-0.00283028603894502,-0.0305359481835244,0.616390193046627,-0.206862240434966,-0.823252433481605,-4.67999068066546,-0.0916078445505733,-0.0906601633141655,1
1.395,-0.000235647484422953,-0.00298441579928009,-0.0308918730735899,0.650835997287502,-0.209442995642995,-0.860278992930497,-4.07263305207165,-0.0926756192207697,-0.0913565351205603,1
1.4,-0.000251115754135213,-0.00313920476968092,-0.0311846180409907,0.685663934477661,-0.211808920795131,-0.897472855272792,-3.44903057421638,-0.0935538541229721,-0.0918986951383094,1
1.405,-0.000267363842361589,-0.00329626197968999,-0.0324759143988585,0.721184870284638,-0.213562549307386,-0.934747419592024,-2.81169068712356,-0.0974277431965755,-0.0921882019203896,1
1.41,-0.000284413461185966,-0.0034639639136695,-0.0340751212687263,0.759014321253663,-0.213034772879875,-0.972049094133539,-2.16763648307768,-0.102225363806179,-0.0920838793491307,1
1.415,-0.000302301742142392,-0.00363701319237725,-0.0339361781210872,0.798147410983887,-0.211098794147406,-1.00924620513129,-1.51433035422927,-0.101808534363262,-0.0914820800342311,1
1.42,-0.000321057002403887,-0.00380332569488038,-0.0336133407067267,0.836273247573358,-0.209887209694533,-1.04616045726789,-0.845746621425178,-0.10084002212018,-0.0907174230975515,1
1.425,-0.000340632314061007,-0.00397314659944452,-0.0329341536642162,0.875343487299469,-0.20740202869351,-1.08274551599296,-0.171018676776776,-0.0988024609926487,-0.0900348371471538,1
1.43,-0.000361053585334891,-0.00413266723152254,-0.032458077722686,0.9127153156776,-0.206068983328917,-1.11878429900651,0.51684944916962,-0.0973742331680581,-0.0890999605205692,1
1.435,-0.000382256066211016,-0.00429772737667138,-0.03103561896081,0.951408710961901,-0.202852428668744,-1.15426113963065,1.20573302889604,-0.09310685688243,-0.0877409139311646,1
1.44,-0.000404268002061341,-0.00444302342113064,-0.028621551830833,0.986574516008518,-0.202272070434528,-1.18884658644305,1.90943920243759,-0.0858646554924991,-0.0861286584504109,1
1.445,-0.00042699591046459,-0.00458394289497971,-0.0294148288747265,1.02113638580077,-0.201380920403027,-1.22251730620375,2.61571630635846,-0.0882444866241794,-0.0842479590317633,1
1.45,-0.000450439298883556,-0.0047371717098779,-0.0303490785501937,1.05829797760035,-0.196959932164348,-1.25525790976469,3.31295317489717,-0.091047235650581,-0.0820807452161399,1
1.455,-0.000474646667723696,-0.00488743368048164,-0.0293559446553345,1.09514216333257,-0.191648035878524,-1.2867901992111,4.00880138454158,-0.0880678339660035,-0.0795980823655728,1
1.46,-0.000499593884788013,-0.00503073115643125,-0.027640252674775,1.13089339627398,-0.186049580382311,-1.31694297665629,4.7029183867667,-0.0829207580243249,-0.076651471149914,1
1.465,-0.00052523496961369,-0.00516383620722939,-0.0256378920334935,1.16491670783693,-0.180624903834595,-1.34554161167153,5.39405264772214,-0.0769136761004804,-0.073092433427567,1
1.47,-0.000551510771935108,-0.00528711007676618,-0.0238978306334647,1.19726192938002,-0.175183653374773,-1.37244558275479,6.07874190296036,-0.0716934919003942,-0.0691705165879381,1
1.475,-0.000578382589743584,-0.00540281451356404,-0.0235184634714798,1.22835055495484,-0.169168989552062,-1.39751954450691,6.75307890117524,-0.0705553904144394,-0.0650191619356767,1
1.48,-0.000605836665360508,-0.00552229471148098,-0.0222524468281433,1.26035640417438,-0.160378942951752,-1.42073534712531,7.40884606012785,-0.0667573404844297,-0.0604166906410284,1
1.485,-0.000633844479704099,-0.00562533898184547,-0.0201576916981,1.28938926518456,-0.152337826864653,-1.44172709204917,8.05350704043243,-0.0604730750942999,-0.0553539010531629,1
1.49,-0.000662350537831275,-0.00572387162846198,-0.0189137837611166,1.31772037027592,-0.142788394273853,-1.46050876454992,8.67841079656693,-0.0567413512833497,-0.0502187795758544,1
1.495,-0.000691323040712129,-0.00581447681945664,-0.0173710522529913,1.34468335480092,-0.132232501110995,-1.47691585591192,9.28191934161002,-0.0521131567589739,-0.0451167410192138,1
1.5,-0.000720723066557451,-0.00589758215099189,-0.0157213763642258,1.37034746926754,-0.120495052968154,-1.49084252223569,9.86115659566533,-0.0471641290926775,-0.0395763133423465,1
1.505,-0.000750508511187289,-0.0059716905830989,-0.013805978087021,1.37034746926754,-0.120495052968154,-1.49084252223569,9.86115659566533,-0.0414179342610629,-0.0335613897717371,1
1.51,-0.000780634341478134,-0.0060356419318621,-0.011849635889247,1.41663742067985,-0.0941745887888063,-1.51081200946865,10.9377331854087,-0.0355489076677409,-0.0273333301776523,1
1.515,-0.000811047363245902,-0.00609018694199137,-0.00916185721229703,1.41663742067985,-0.0941745887888063,-1.51081200946865,10.9377331854087,-0.0274855716368911,-0.0209875504184725,1
1.52,-0.000841674866530588,-0.00612726050398507,-0.00648276024368486,1.45438316712415,-0.0652749500044138,-1.51965811712931,11.8899984957013,-0.0194482807310546,-0.0145641420226786,1
1.525,-0.000872456760238413,-0.00615501454442822,-0.0045538581408969,1.45438316712415,-0.0652749500044138,-1.51965811712931,11.8899984957013,-0.0136615744226907,-0.00803164382846088,1
1.53,-0.000903343613334049,-0.00617279908539404,-0.000716854601678484,1.48348863615226,-0.0335757712366933,-1.51706440738908,12.6969582189182,-0.00215056380503545,-0.00120740698581276,1
1.535,-0.000934200933861278,-0.006162183090445,0.00298144939237215,1.48348863615226,-0.0335757712366933,-1.51706440738908,12.6969582189182,0.00894434817711646,0.00576602877120909,1
1.54,-0.000964985445232788,-0.00614298459147032,0.00491023138034976,1.49811686417005,-0.00423536875341859,-1.50235223292315,13.346132149879,0.0147306941410493,0.0127513736470374,1
1.545,-0.000995633928347371,-0.0061130807766415,0.00709271806565107,1.50249459125171,0.0117448520180791,-1.49074973923385,13.6025959493321,0.0212781541969532,0.0198495648433092,1
1.55,-0.00102609103267156,-0.00607205741081381,0.00936816486334463,1.50467409209838,0.0283038238479076,-1.47637026824983,13.8117287697453,0.0281044945900339,0.0269959696892435,1
1.555,-0.00105629943314911,-0.00601939912800806,0.0117553864440724,1.50453748506038,0.0452428603653039,-1.45929462469488,13.972639166243,0.0352661593322172,0.0341527471673278,1
1.56,-0.00108619870512369,-0.00595450354637309,0.0142404725032592,1.5019491573669,0.0623255842827383,-1.43962357308418,14.084741005089,0.0427214175097777,0.0412586091100988,1
1.565,-0.00111572629063086,-0.00587699440297547,0.0167802056394836,1.49681620839782,0.0793395477887291,-1.4174766606091,14.1477130592289,0.0503406169184507,0.048390244894739,1
1.57,-0.00114481841678229,-0.00578670148997825,0.0193259667370638,1.48908490051106,0.0960943754137838,-1.39299052509728,14.1615196048317,0.0579779002111914,0.0554459282187097,1
1.575,-0.00117341146793806,-0.00568373473560483,0.0218296567260591,1.47875533620427,0.112438326357838,-1.36631700984643,14.1264060215653,0.0654889701781774,0.0622607045298318,1
1.58,-0.00120144308040497,-0.00556840492271766,0.024251194427057,1.46586659693507,0.128246108482372,-1.33762048845271,14.0429292509605,0.0727535832811711,0.0689556869690342,1
1.585,-0.0012288531891108,-0.00544122279133426,0.0265616034710097,1.45049691638723,0.14342136002555,-1.30707555636168,13.9119498264594,0.0796848104130291,0.075170015617704,1
1.59,-0.00125558459775953,-0.00530278888800756,0.0287397224326979,1.43274271898068,0.157878699964536,-1.27486401901614,13.7346505552827,0.0862191672980938,0.0807993901262746,1
1.595,-0.00128158360708076,-0.00515382556700728,0.030773554612786,1.41272497177257,0.171552204173919,-1.24117276759865,13.5124971204607,0.0923206638383581,0.0861633937005782,1
1.6,-0.00130680010278361,-0.0049950533418797,0.0326537816685489,1.41272497177257,0.171552204173919,-1.24117276759865,13.5124971204607,0.0979613450056467,0.0912342584669857,1
1.605,-0.00133118799972739,-0.00482728775032179,0.0343760659823642,1.36640559287672,0.196298294410272,-1.17010729846645,12.9408755822536,0.103128197947093,0.0960785465897745,1
1.61,-0.00135470505235784,-0.00465129268205606,0.0359350555123761,1.36640559287672,0.196298294410272,-1.17010729846645,12.9408755822536,0.107805166537128,0.100539984829501,1
1.615,-0.00137731332225627,-0.00446793719519803,0.0380718146032345,1.31263720704758,0.217255904490366,-1.09538130255723,12.2137120658142,0.114215443809704,0.10449258404936,1
1.62,-0.00139899399394391,-0.00427057453602372,0.040227926055498,1.31263720704758,0.217255904490366,-1.09538130255723,12.2137120658142,0.120683778166494,0.108047917456946,1
1.625,-0.00141967799717692,-0.00406565793464305,0.04122067393417,1.24938450197834,0.230950988864559,-1.01843351311377,11.364712038046,0.12366202180251,0.111195638307128,1
1.63,-0.00143931577567276,-0.00385836779668201,0.0423110189335199,1.24938450197834,0.230950988864559,-1.01843351311377,11.364712038046,0.12693305680056,0.113919714156149,1
1.635,-0.00145791741525487,-0.00364254774530785,0.0427834459390099,1.18077002984164,0.240198480822366,-0.940571549019265,10.4011734184819,0.12835033781703,0.116214519208884,1
1.64,-0.00147542950209832,-0.00343053333729192,0.0423870709523664,1.18077002984164,0.240198480822366,-0.940571549019265,10.4011734184819,0.127161212857099,0.11807846594034,1
1.645,-0.00149186828154322,-0.00321867703578418,0.0424582564004749,1.1105935427089,0.247562144154677,-0.863031398554223,9.33437155054394,0.127374769201425,0.119515742449997,1
1.65,-0.00150724243453717,-0.00300595077328717,0.0425887714305032,1.1105935427089,0.247562144154677,-0.863031398554223,9.33437155054394,0.12776631429151,0.120533913914271,1
1.655,-0.00152154913380348,-0.00279278932147915,0.0432781817228667,1.03861990691514,0.251786781182985,-0.786833125732157,8.18944223936981,0.1298345451686,0.121143679604635,1
1.66,-0.00153479434729412,-0.0025731689560585,0.0429854541221549,1.03861990691514,0.251786781182985,-0.786833125732157,8.18944223936981,0.128956362366465,0.121357692037952,1
1.665,-0.00154694558969521,-0.00236293478025761,0.0419086670422739,0.964469993275589,0.251632773648084,-0.712837219627506,6.99172109620371,0.125726001126822,0.121190509503711,1
1.67,-0.00155804658861361,-0.00215408228563576,0.0416675394925842,0.928034067531909,0.251091783821978,-0.676942283709849,6.37411611761711,0.125002618477753,0.120551760415806,1
1.675,-0.00156810557924417,-0.00194625938533177,0.0413600126883405,0.891451782422275,0.249582849226056,-0.641868933196266,5.74966570698781,0.124080038065021,0.119431690811033,1
1.68,-0.00157713035413073,-0.00174048215875235,0.0408981876692092,0.854920805729124,0.24722895508039,-0.607691850648764,5.12015442579682,0.122694563007628,0.117990296459103,1
1.685,-0.00158513341841384,-0.00153727750863967,0.0403148297961976,0.818546435655268,0.244072349165605,-0.574474086489638,4.48755573334725,0.120944489388593,0.116208207271371,1
1.69,-0.00159212994054218,-0.00133733386079038,0.0396092305912,0.782465863406772,0.240193731792707,-0.542272131614071,3.85363632792598,0.1188276917736,0.114176869472453,1
1.695,-0.00159813821616966,-0.00114118520272767,0.0388006580003016,0.746787659422909,0.235653221437103,-0.51113443798581,3.22014020005684,0.116401974000905,0.112006582845994,1
1.7,-0.00160317900197527,-0.00094932728078736,0.037900754862703,0.711613864127461,0.230511058184514,-0.481102805942918,2.58871821467614,0.113702264588109,0.109613973832463,1
1.705,-0.00160727529573,-0.000762177654100643,0.0369221415010955,0.677032245377266,0.224819653355763,-0.452212592021511,1.9609539639839,0.110766424503287,0.107034822940976,1
1.71,-0.00161045200080552,-0.000580105865776405,0.0358741530155829,0.643121980782795,0.21862859139343,-0.424493389389375,1.33835012781854,0.107622459046749,0.104105924477672,1
1.715,-0.00161273570953998,-0.000403436123944815,0.0347647777726901,0.609954100960536,0.211984617507349,-0.397969483453186,0.722331307215615,0.10429433331807,0.10112269637104,1
1.72,-0.00161415450580164,-0.000232458088049504,0.0336005709879008,0.577593495392473,0.204933136888255,-0.372660358504217,0.114241924725132,0.100801712963702,0.0981076761335714,1
1.725,-0.00161473780703013,-6.74304140658066e-05,0.0323874388220837,0.577593495392473,0.204933136888255,-0.372660358504217,0.114241924725132,0.0971623164662511,0.0948021557740186,1
1.73,-0.00161451621915173,9.14163001713338e-05,0.0311309134706602,0.515526619664324,0.189783599824282,-0.325743019840042,-1.0731631186844,0.0933927404119806,0.091210992985341,1
1.735,-0.00161352140053447,0.000243878720640796,0.029836394619398,0.515526619664324,0.189783599824282,-0.325743019840042,-1.0731631186844,0.0895091838581941,0.0874030247928305,1
1.74,-0.00161178592846053,0.000389780246365315,0.0285640813465834,0.457337025103881,0.173519509351123,-0.283817515752758,-2.21465622223776,0.0856922440397501,0.0835415298494361,1
1.745,-0.00160933676926902,0.00052951953410663,0.027195064567156,0.457337025103881,0.173519509351123,-0.283817515752758,-2.21465622223776,0.0815851937014681,0.0796009151998557,1
1.75,-0.00160621347333628,0.000661730892036875,0.0257099933057584,0.403280559071564,0.156371321604567,-0.246909237466997,-3.30210639059739,0.0771299799172751,0.0756232585636531,1
1.755,-0.00160245325215512,0.000786619467164214,0.0245347151900932,0.403280559071564,0.156371321604567,-0.246909237466997,-3.30210639059739,0.0736041455702797,0.0715651194331768,1
1.76,-0.00159808991738373,0.000907078043937808,0.0227758924797376,0.353489843162894,0.138504001855696,-0.214985841303248,-4.32777565014451,0.0683276774392128,0.0674693029539469,1
1.765,-0.00159316371486286,0.00101437839196159,0.0221028573757299,0.353489843162894,0.138504001855696,-0.214985841303248,-4.32777565014451,0.0663085721271898,0.0633648319858826,1
1.77,-0.00158770873005406,0.00112810661769511,0.0208035253799935,0.307623053909703,0.119649465302077,-0.187973588607626,-5.28443905747727,0.0624105761399806,0.0592549685336645,1
1.775,-0.0015817177857694,0.00122241364576153,0.0185288969757148,0.307623053909703,0.119649465302077,-0.187973588607626,-5.28443905747727,0.0555866909271443,0.0551444938646527,1
1.78,-0.00157527395657026,0.00131339558745225,0.0162218731675973,0.267940485164485,0.102021242333596,-0.16591924283089,-6.17403423075855,0.0486656195027919,0.0510386666044183,1
1.785,-0.00156843197004261,0.0013846323774375,0.0142424103216361,0.267940485164485,0.102021242333596,-0.16591924283089,-6.17403423075855,0.0427272309649084,0.0469428932801045,1
1.79,-0.00156123302092789,0.00145581969066861,0.0132843651924365,0.235957970623073,0.0871296235672615,-0.148828347055812,-6.99556291201078,0.0398530955773096,0.0428624461127573,1
1.795,-0.0015537141473582,0.00151747602936186,0.012024928044137,0.221636918655072,0.0795805382658782,-0.14205638038922,-7.37569729735439,0.036074784132411,0.0387947180298265,1
1.8,-0.00154589402074252,0.00157606897110998,0.0109570615468838,0.207804594414139,0.0713803220988742,-0.136424272315262,-7.73367556707665,0.0328711846406515,0.0347546470227315,1
1.805,-0.00153781409450399,0.0016270466448307,0.00949378094936866,0.195348678253182,0.0633908782977871,-0.131957799955429,-8.07129701289871,0.028481342848106,0.0307605476893316,1
1.81,-0.001529502492505,0.00167100678060367,0.00825142614648591,0.184163687431243,0.0555196945597629,-0.128643992871491,-8.38819651112106,0.0247542784394577,0.0267703025679907,1
1.815,-0.00152098339641359,0.00170956090629556,0.00714285623913339,0.17394818081725,0.0474923353670749,-0.126455845450177,-8.68347587029069,0.0214285687174002,0.0228698013950717,1
1.82,-0.00151229274994123,0.001742435342995,0.00599573360716316,0.16476657466602,0.0393903449766273,-0.125376229689393,-8.95699591882311,0.0179872008214895,0.0189066535747936,1
1.825,-0.00150345934745626,0.00176951824236719,0.00482724830481822,0.156649851988364,0.0312562590971534,-0.12539359289121,-9.20876892956272,0.0144817449144547,0.0149732230149337,1
1.83,-0.00149451253335101,0.00179070782604319,0.00364664800044244,0.149627243892633,0.0231315215164271,-0.126495722376207,-9.43880866200663,0.0109399440013273,0.011211794581487,1
1.835,-0.00148548183937203,0.00180598472237162,0.0024605002004636,0.143712220641229,0.0150416573862645,-0.128670563254993,-9.64711904455588,0.00738150060139081,0.00762999678409128,1
1.84,-0.00147639699072126,0.00181531282804782,0.00127326444796809,0.138921528974076,0.00701569179928458,-0.131905837174791,-9.83371080170726,0.00381979334390426,0.0041840685131247,1
1.845,-0.00146728764792344,0.0018187173668513,8.99847660675543e-05,0.135260119017015,-0.000929306080276398,-0.136189425097291,-9.99858974541682,0.000269954298202663,0.000731116561142228,1
1.85,-0.00145818341639943,0.0018162126757085,-0.00108543248250894,0.135260119017015,-0.000929306080276398,-0.136189425097291,-9.99858974541682,-0.00325629744752681,-0.00268271817072241,1
1.855,-0.00144911362962642,0.00180786304202621,-0.00224870202804083,0.131343552732939,-0.0165096995256315,-0.147853252258582,-10.2632809852703,-0.00674610608412248,-0.00608174840950293,1
1.86,-0.00144010734717885,0.00179372565542809,-0.00339700065929292,0.131343552732939,-0.0165096995256315,-0.147853252258582,-10.2632809852703,-0.0101910019778788,-0.00940632152968017,1
1.865,-0.00143119319942316,0.00177389303543328,-0.00452761573069514,0.131949099750828,-0.0316172203497426,-0.16356632010057,-10.4413719134772,-0.0135828471920854,-0.0126848739095131,1
1.87,-0.00142239939563255,0.00174844949812114,-0.0056391773662168,0.131949099750828,-0.0316172203497426,-0.16356632010057,-10.4413719134772,-0.0169175320986504,-0.0159332305892348,1
1.875,-0.00141375363256858,0.00171750126177111,-0.00673048853902589,0.137018564756358,-0.0462150404598248,-0.183233605216183,-10.5331475917843,-0.0201914656170777,-0.0191426396122547,1
1.88,-0.00140528311733321,0.00168114461273088,-0.00780110205841229,0.137018564756358,-0.0462150404598248,-0.183233605216183,-10.5331475917843,-0.0234033061752369,-0.0223065906944786,1
1.885,-0.00139701451383707,0.00163949024118699,-0.00885071141417279,0.146470360141831,-0.0602889591924617,-0.2067593193343,-10.5390223409558,-0.0265521342425184,-0.0254199280036817,1
1.89,-0.00138897397768906,0.00159263749858915,-0.00987908757512989,0.146470360141831,-0.0602889591924617,-0.2067593193343,-10.5390223409558,-0.0296372627253897,-0.0284781706063391,1
1.895,-0.00138118710774477,0.00154069936543569,-0.0108862984714408,0.160213071501086,-0.0738314759716206,-0.23404454747292,-10.459554029192,-0.0326588954143223,-0.0314774843676804,1
1.9,-0.00137367899697144,0.00148377451387474,-0.0118719150789155,0.160213071501086,-0.0738314759716206,-0.23404454747292,-10.459554029192,-0.0356157452367465,-0.0344144470135387,1
1.905,-0.00136647416249511,0.00142198021464654,-0.0128361501245798,0.178150132261856,-0.0868339414021702,-0.264984073664234,-10.2954559556895,-0.0385084503737394,-0.0372861663853875,1
1.91,-0.00135959662385928,0.00135541301262895,-0.013778230891872,0.178150132261856,-0.0868339414021702,-0.264984073664234,-10.2954559556895,-0.041334692675616,-0.0400900138404009,1
1.915,-0.00135306979234663,0.00128419790572782,-0.0146984405123446,0.200179525942355,-0.0992829735480665,-0.299462499490561,-10.0476170295898,-0.0440953215370339,-0.0428236867126072,1
1.92,-0.00134691659016282,0.0012084286075055,-0.0155956405189186,0.212696140431076,-0.10529274175878,-0.317988882189889,-9.89263095756155,-0.0467869215567557,-0.0454848870094376,1
1.925,-0.00134115928443341,0.00112824150053863,-0.0164701295539757,0.226191723920609,-0.111158030668635,-0.337349754589255,-9.71713636351801,-0.0494103886619272,-0.0480713778218506,1
1.93,-0.00133581965914497,0.00104372731196574,-0.0173204092707494,0.240656048734835,-0.116869791442285,-0.357525840177169,-9.52132111768846,-0.0519612278122481,-0.0506916529740719,1
1.935,-0.00133091878161843,0.000955037407831138,-0.0181467131639795,0.256067007446108,-0.122429084506221,-0.37849609195233,-9.30537311335266,-0.0544401394919385,-0.0533802833277288,1
1.94,-0.00132647723694328,0.000862260180325946,-0.0189471980181378,0.272414424855125,-0.127823523245007,-0.400237948100099,-9.06952513628391,-0.0568415940544135,-0.055972980722935,1
1.945,-0.00132251481592901,0.00076556542764976,-0.0197219318814209,0.289672232945329,-0.133054437864867,-0.422726670810217,-8.81400970658214,-0.0591657956442626,-0.0585473250828685,1
1.95,-0.00131905082071619,0.000665040861511737,-0.0204687537549409,0.307829963572353,-0.138105726209071,-0.445935689781433,-8.53911413003667,-0.0614062612648227,-0.0610287570477847,1
1.955,-0.00131610366386465,0.000560877890100351,-0.0211874680854507,0.326856944371095,-0.142978909255919,-0.469835853627022,-8.24512571663646,-0.0635624042563521,-0.0631544075963598,1
1.96,-0.00131369125355555,0.00045316618065723,-0.0218756342131345,0.346741871464288,-0.147653969621774,-0.494395841086052,-7.9323963272361,-0.0656269026394035,-0.0650493380211916,1
1.965,-0.00131183049436943,0.000342121547969006,-0.0225327107647371,0.367448888334386,-0.152132487405771,-0.519581375740165,-7.60127934673159,-0.0675981322942114,-0.0668762187545054,1
1.97,-0.00131053775959608,0.000227839073009858,-0.0231560178085078,0.388965144838181,-0.156390501470925,-0.545355646309094,-7.25220110049481,-0.0694680534255235,-0.0687675153104496,1
1.975,-0.00130982828644127,0.000110561369883927,-0.0237446130531077,0.411249088256634,-0.160429492897146,-0.571678581153784,-6.88559309912916,-0.0712338391593232,-0.0706900292058038,1
1.98,-0.00130971674048628,-9.60705752121912e-06,-0.0250724146045751,0.434285495327299,-0.16422167635549,-0.598507171682789,-6.50196535250778,-0.0752172438137253,-0.0724729571976705,1
1.985,-0.0013102180247184,-0.000140162776161824,-0.0266215145340101,0.434285495327299,-0.16422167635549,-0.598507171682789,-6.50196535250778,-0.0798645436020304,-0.074085774440885,1
1.99,-0.0013113796385499,-0.000275822202861321,-0.0269995931806165,0.485949849025033,-0.167591885529607,-0.65354173455464,-5.69890732998408,-0.0809987795418495,-0.07550834940185,1
1.995,-0.00131322489640467,-0.00041015870796799,-0.0278994980946641,0.485949849025033,-0.167591885529607,-0.65354173455464,-5.69890732998408,-0.0836984942839923,-0.0767541634984098,1
2,-0.00131574129710387,-0.000554817183807956,-0.0282563222258541,0.540959100625067,-0.169070611841807,-0.710029712466876,-4.83724686192089,-0.0847689666775624,-0.0777763960709189,1
2.005,-0.00131898629475137,-0.000692721930226537,-0.0267514689189416,0.568509273620243,-0.170147869651209,-0.738657143271452,-4.38209904800816,-0.0802544067568247,-0.0784576815527285,1
2.01,-0.00132290650846515,-0.000822331872997378,-0.0261006630984023,0.568509273620243,-0.170147869651209,-0.738657143271452,-4.38209904800816,-0.0783019892952069,-0.0788842879322378,1
2.015,-0.0013274814788587,-0.000953728561210555,-0.0265663960250685,0.621429430466807,-0.174894493952379,-0.796323924419186,-3.4218313623954,-0.0796991880752054,-0.0792281052687705,1
2.02,-0.00133272350842211,-0.00108799583324806,-0.0279375164039544,0.64894055901997,-0.176329314219321,-0.825269873239291,-2.92639906881796,-0.0838125492118631,-0.0793910475290316,1
2.025,-0.00133864446132292,-0.00123310372525011,-0.0290532377863974,0.678757333898013,-0.175475305296353,-0.854232639194366,-2.42708412032095,-0.0871597133591923,-0.0794818005562653,1
2.03,-0.00134529380649369,-0.00137852821111204,-0.0289506254970428,0.708875396944318,-0.174207016158208,-0.883082413102527,-1.91761438291413,-0.0868518764911283,-0.0794924602008869,1
2.035,-0.00135266831241739,-0.00152260998022053,-0.0286101299732513,0.738975081126896,-0.172759731852055,-0.91173481297895,-1.39859954619739,-0.0858303899197539,-0.0791097371546992,1
2.04,-0.00136075824379057,-0.00166462951084454,-0.0281047378907345,0.768915018497681,-0.171190163860166,-0.940105182357847,-0.871336978358098,-0.0843142136722036,-0.0783820892392796,1
2.045,-0.00136955217608079,-0.00180365735912787,-0.0276678966940563,0.798512976742061,-0.169588250218121,-0.968101226960189,-0.336818656978463,-0.0830036900821688,-0.0774316993436191,1
2.05,-0.00137903390916882,-0.00194130847778511,-0.0268775598889848,0.828073689926766,-0.167569455830154,-0.995643145756891,0.202412800420225,-0.0806326796669543,-0.0761152156013889,1
2.055,-0.00138919736241303,-0.00207243295801772,-0.025237752127608,0.828073689926766,-0.167569455830154,-0.995643145756891,0.202412800420225,-0.0757132563828239,-0.0745861692331286,1
2.06,-0.00139999761314098,-0.00219368599906119,-0.0241737127420155,0.883453835657686,-0.165391932960185,-1.04884576861787,1.30050583706055,-0.0725211382260464,-0.0732858798904042,1
2.065,-0.00141140431305864,-0.00231417008543787,-0.0242823555688637,0.910353933678986,-0.163995992395047,-1.07434992607403,1.85209177950612,-0.0728470667065911,-0.0719653278796872,1
2.07,-0.00142341411301149,-0.00243650955474983,-0.0236733065865647,0.937809410028994,-0.161216606669762,-1.09902601669875,2.40009934291665,-0.0710199197596941,-0.0701352571633483,1
2.075,-0.00143601619444768,-0.00255090315130352,-0.0237912889991434,0.963934778221056,-0.158757933137733,-1.12269271135879,2.94863871862034,-0.0713738669974303,-0.0677517359566204,1
2.08,-0.00144920342324563,-0.00267442244474126,-0.0238192305654591,0.992005551823986,-0.153395823711384,-1.14540137553533,3.48612129702791,-0.0714576916963773,-0.065034198383807,1
2.085,-0.00146299061524948,-0.00278909545695811,-0.0223933532812612,1.01857586844997,-0.148319001817418,-1.16689487026725,4.0209770484539,-0.0671800598437835,-0.0621126057083922,1
2.09,-0.00147733875085139,-0.00289835597755388,-0.021527979126073,1.04429215794244,-0.142828104925617,-1.1871202628681,4.54896958804202,-0.064583937378219,-0.0590103109581099,1
2.095,-0.00149221984436797,-0.00300437524821884,-0.0203468639109928,1.04429215794244,-0.142828104925617,-1.1871202628681,4.54896958804202,-0.0610405917329785,-0.0556632085347226,1
2.1,-0.0015076052909321,-0.0031018246166638,-0.0186841118990533,1.09335303279487,-0.130045796900094,-1.22339882969497,5.57542313490829,-0.0560523356971599,-0.0520820126695962,1
2.105,-0.00152345461658551,-0.00319121636720937,-0.0175529976480318,1.11575003109503,-0.123473814367396,-1.23922384546243,6.07228626224043,-0.0526589929440953,-0.0484452667677288,1
2.11,-0.00153973796167937,-0.00327735459314412,-0.0176494435198707,1.13766563239943,-0.115783081458066,-1.2534487138575,6.55293495249412,-0.0529483305596122,-0.0448914846554705,1
2.115,-0.00155644562704301,-0.00336771080240808,-0.0168567990233833,1.16053121967462,-0.10555554850106,-1.26608676817568,7.01220771966986,-0.0505703970701498,-0.0412650861750242,1
2.12,-0.00157357803988753,-0.00344592258337795,-0.0137559010106966,1.18120522851705,-0.0956738890301858,-1.27687911754724,7.45594248677514,-0.0412677030320897,-0.0372722792062127,1
2.125,-0.00159104477126399,-0.00350526981251505,-0.0112528679568584,1.19836748719215,-0.0873152730628751,-1.28568276025503,7.88511429150204,-0.0337586038705753,-0.033050367763795,1
2.13,-0.00160878957581601,-0.00355845126294654,-0.0100304747767042,1.21443768412457,-0.0781705724955289,-1.29260825662011,8.29174159914144,-0.0300914243301125,-0.0285134705491006,1
2.135,-0.00162677557578797,-0.00360557456028209,-0.0084994767691392,1.21443768412457,-0.0781705724955289,-1.29260825662011,8.29174159914144,-0.0254984303074176,-0.0236741223987766,1
2.14,-0.00164496858049956,-0.00364344603063793,-0.00689406672127509,1.24270286043122,-0.0578716170256172,-1.3005744774569,9.03085128833198,-0.0206822001638253,-0.0187663883313096,1
2.145,-0.00166332428356329,-0.00367451522749484,-0.00467502092702311,1.25472904504273,-0.0468181072586846,-1.30154715230142,9.36058024363807,-0.0140250627810693,-0.0137045640508929,1
2.15,-0.0016817851478457,-0.00369019623990816,-0.00259952563817178,1.26383530512089,-0.0365295932330936,-1.30036489835403,9.6639209467506,-0.00779857691451534,-0.00855655724269751,1
2.155,-0.00170030403483805,-0.00370051048387656,-0.00142033857591293,1.27193026337814,-0.0252603089157301,-1.29719057229387,9.93655516362686,-0.0042610157277388,-0.00339669760438159,1
2.16,-0.0017188491507374,-0.00370439962566729,-0.000361277341799992,1.27880021417531,-0.0132258644443072,-1.29202607861966,10.1771979302099,-0.00108383202539998,0.00184149747715009,1
2.165,-0.00173740466686362,-0.00370412325729456,0.00121107662110866,1.28487378978937,-9.14840498506158e-05,-1.28496527383927,10.3848797886742,0.00363322986332597,0.00722083747183696,1
2.17,-0.00175591959417255,-0.0036922888594562,0.00366729321281678,1.28871473569358,0.0128171964302331,-1.27589753926334,10.5601677788017,0.0110018796384503,0.0125900498934125,1
2.175,-0.00177432792908552,-0.00366745032516639,0.00588007351035916,1.28871473569358,0.0128171964302331,-1.27589753926334,10.5601677788017,0.0176402205310775,0.0178466108152784,1
2.18,-0.0017925859417244,-0.00363348812435261,0.00796699150371737,1.29002359553569,0.0251901130108727,-1.26483348252482,10.7026647680309,0.0239009745111521,0.0230292712864214,1
2.185,-0.0018106284807571,-0.00358778041012922,0.0100562064868092,1.28671205294694,0.0495227094171275,-1.23718934352981,10.8860652792375,0.0301686194604276,0.0280821969133004,1
2.19,-0.00182841967348614,-0.00353292605948452,0.0119607851910076,1.28205388411821,0.0612979683916591,-1.22075591572655,10.9266073927478,0.0358823555730228,0.0330392449720729,1
2.195,-0.00184590475958877,-0.00346817255821914,0.0139047908368444,1.27539393434465,0.0727137599472495,-1.2026801743974,10.9324681797657,0.0417143725105332,0.0378104941875498,1
2.2,-0.00186304277814382,-0.00339387815111608,0.0156891837463746,1.26678746487207,0.0837045991486487,-1.18308286572342,10.9047330240012,0.0470675512391238,0.0423617749789547,1
2.205,-0.00187975534884423,-0.0033112807207554,0.0174349055691582,1.2564462788923,0.0945004018806365,-1.16194587701167,10.8393937087059,0.0523047167074745,0.0468418771734748,1
2.21,-0.00189603651332372,-0.0032195290954245,0.01911436792269,1.24420497774086,0.104700615565021,-1.13950436217584,10.7422001942906,0.05734310376807,0.0513528811890919,1
2.215,-0.00191182754696212,-0.00312013704152849,0.0200059364429373,1.23033482626183,0.11450972690962,-1.11582509935221,10.6110063751267,0.060017809328812,0.055898054619177,1
2.22,-0.0019270740788957,-0.00301946973099512,0.0207276879276454,1.23033482626183,0.11450972690962,-1.11582509935221,10.6110063751267,0.0621830637829361,0.060258629278204,1
2.225,-0.00194178521979666,-0.00291286016225204,0.0230400254423652,1.20042750681915,0.13531626689838,-1.06511123992077,10.2370480712358,0.0691200763270957,0.0643305974685821,1
2.23,-0.00195596177327294,-0.00278906947657147,0.0250257553411426,1.18133956815231,0.142879519309311,-1.038460048843,10.0147255861161,0.0750772660234277,0.0680731244412471,1
2.235,-0.00196948913584401,-0.00266260260884061,0.0253400046114483,1.16152343335122,0.150469261869656,-1.01105417148156,9.75985823832875,0.0760200138343448,0.0714743518310578,1
2.24,-0.00198235078714868,-0.00253566943045698,0.0261998596422685,1.14139795958392,0.158379578727826,-0.983018380856096,9.47281327527791,0.0785995789268055,0.0743856900468141,1
2.245,-0.00199456262507338,-0.00240060401241793,0.0265046777870634,1.11949648027044,0.165011281119228,-0.954485199151215,9.16278246537517,0.0795140333611903,0.0770050207397852,1
2.25,-0.00200608623640681,-0.00227062265258636,0.027183944612811,1.09834394025548,0.172761864975362,-0.925582075280117,8.82090538482128,0.0815518338384329,0.0794613010500617,1
2.255,-0.00201693031670433,-0.00212876456628981,0.0287611897234686,1.07468661306588,0.178291161318527,-0.896395451746946,8.46269601487747,0.0862835691704059,0.0816878349225676,1
2.26,-0.00202704964529301,-0.00198301075535166,0.0301566895334071,1.07468661306588,0.178291161318527,-0.896395451746946,8.46269601487747,0.0904700686002212,0.0836250492453318,1
2.265,-0.00203643351411435,-0.00182719767095575,0.0314549366687955,1.02322305755593,0.18559349715896,-0.837629560396597,7.69211178166262,0.0943648100063866,0.0850149799866716,1
2.27,-0.00204503720455018,-0.00166846138866371,0.0317350992342982,0.995585260926776,0.187335281005402,-0.808249979921417,7.28358119431602,0.0952052977028946,0.0862252382401458,1
2.275,-0.0020528387807471,-0.00150984667861276,0.0321710705454632,0.967705965858595,0.188690002992822,-0.77901596286588,6.85795558442354,0.0965132116363897,0.0873165296242665,1
2.28,-0.00205985167780202,-0.00134675068320907,0.0320777623190144,0.938705825239433,0.188719208779151,-0.749986616460252,6.42132191296893,0.0962332869570433,0.0880246521286408,1
2.285,-0.00206604679540942,-0.00118906905542262,0.0317755832323922,0.910475270173822,0.18918144921771,-0.721293820956122,5.96830866536064,0.0953267496971764,0.0884668768759552,1
2.29,-0.00207145786575663,-0.00102899485088516,0.0304355739971033,0.881526446586811,0.188558782588082,-0.69296766399871,5.50665128575165,0.09130672199131,0.0886473686934526,1
2.295,-0.00207608491568569,-0.000884713315451584,0.0302961000418051,0.855351066612138,0.19016440580549,-0.665186660806686,5.02569913294055,0.0908883001254154,0.0883725080006324,1
2.3,-0.00207997703483329,-0.000726033850467101,0.0310987530087799,0.855351066612138,0.19016440580549,-0.665186660806686,5.02569913294055,0.0932962590263397,0.0879226509703768,1
2.305,-0.00208307782987965,-0.000573725785363791,0.0312749208539155,0.826168517777454,0.188335660914353,-0.637832856863109,4.54792413030714,0.0938247625617466,0.0873268097942106,1
2.31,-0.0020854297641007,-0.000413284641927952,0.0309954058285076,0.767918705964083,0.182987476682854,-0.584931229281246,3.576861477034,0.0929862174855227,0.0864189016809262,1
2.315,-0.00208698336772958,-0.000263771727078722,0.0288438831120685,0.739724074796599,0.180207816370135,-0.559516258426495,3.08394187198536,0.0865316493362056,0.0850467102010607,1
2.32,-0.00208781063239843,-0.00012484581080726,0.0284777442172569,0.713322404752171,0.178427672041184,-0.53489473271101,2.58414467191822,0.0854332326517706,0.0834565884321531,1
2.325,-0.00208793887665925,2.10057150938532e-05,0.0283667276164907,0.685360164031108,0.174383963052199,-0.510976200978902,2.09097702075756,0.085100182849472,0.0818125997717646,1
2.33,-0.00208734793014088,0.000158821465357641,0.0279968829729848,0.658703390718279,0.170790851524286,-0.487912539193981,1.59598681375713,0.0839906489189543,0.0798717351740496,1
2.335,-0.00208607851066262,0.000300974544823695,0.0281213285723435,0.630989800271471,0.165358914487757,-0.465630885783714,1.10873616408224,0.0843639857170304,0.0778061870685758,1
2.34,-0.00208411540368162,0.000440034751081082,0.02660344733393,0.603641023626921,0.159425955318415,-0.444215068308489,0.625818454216711,0.07981034200179,0.0754916969322136,1
2.345,-0.00208147078646341,0.000567009018163001,0.0242758347925273,0.603641023626921,0.159425955318415,-0.444215068308489,0.625818454216711,0.0728275043775819,0.073116486474444,1
2.35,-0.00207822032043812,0.00068279309900635,0.0233556785752741,0.555083172180231,0.150789251832401,-0.404293920347788,-0.339506218275939,0.0700670357258222,0.0706209933013306,1
2.355,-0.00207439119876586,0.000800565803915737,0.0230130563796476,0.531205636344305,0.145496243762271,-0.385709392582085,-0.81015244724429,0.0690391691389429,0.0678721061585994,1
2.36,-0.00206998400278337,0.000912923662802832,0.0224058329304782,0.508176923504368,0.140083525663086,-0.36809339784117,-1.27324291723081,0.0672174987914347,0.0649376391693939,1
2.365,-0.00206502656286376,0.00102462413322052,0.0205513491743483,0.485092755216415,0.133682880774772,-0.35140987444111,-1.72481532967941,0.0616540475230447,0.0619251853970274,1
2.37,-0.00205955347844711,0.00111843715454631,0.0203240842864427,0.465272856045954,0.129451371711382,-0.335821484334572,-2.17435912236082,0.0609722528593282,0.0590938217788865,1
2.375,-0.00205359829240331,0.00122786497608495,0.0202271786115785,0.442295618602383,0.12125944200762,-0.321036176594768,-2.60094959110676,0.0606815358347354,0.0561786546524404,1
2.38,-0.00204711846196971,0.0013207089406621,0.0185850183614582,0.422329379258491,0.114979565411035,-0.307349813847456,-3.02287571152186,0.0557550550843745,0.0531445363987891,1
2.385,-0.00204018665045014,0.00141371515969953,0.0176189255806979,0.422329379258491,0.114979565411035,-0.307349813847456,-3.02287571152186,0.0528567767420936,0.0500238284121373,1
2.39,-0.00203281549603257,0.00149689819646907,0.0155741522778564,0.383777185898051,0.100879897894599,-0.282897288003452,-3.82642726295943,0.0467224568335691,0.0467428649472537,1
2.395,-0.00202505384579887,0.00156945668247809,0.0138091007927164,0.36728268033412,0.0950422234885314,-0.272240456845582,-4.21283427137026,0.0414273023781492,0.0435344376963216,1
2.4,-0.002016956473608,0.00163498920439624,0.0128276478300115,0.352026364130121,0.0894307233331635,-0.262595640796956,-4.58586127073314,0.0384829434900346,0.0405131713890704,1
2.405,-0.00200853724405492,0.00169773316077821,0.0118565430096615,0.337199202855283,0.0832690485561369,-0.253930154299146,-4.9427792980573,0.0355696290289845,0.0374777365954936,1
2.41,-0.00199983358747751,0.00175355463449285,0.0107336519294765,0.323607298238674,0.0773323635520546,-0.246274934686619,-5.2851759296831,0.0322009557884296,0.0343458954750328,1
2.415,-0.00199086607426043,0.00180506968007297,0.00990822942194242,0.310755140143512,0.0711492451811165,-0.239605894962395,-5.61141865892285,0.0297246882658273,0.0311563091712057,1
2.42,-0.00198165400598982,0.00185263692871228,0.00902433778508191,0.29858024167424,0.064668770522223,-0.233911471151762,-5.92085681673892,0.0270730133552457,0.0280883949042122,1
2.425,-0.00197221419035607,0.0018953130579238,0.00807157433213457,0.29858024167424,0.064668770522223,-0.233911471151762,-5.92085681673892,0.0242147229964037,0.0249113443253811,1
2.43,-0.00196257822395672,0.00193335267203362,0.00712789984093148,0.287269277351727,0.0580710542772617,-0.229198223074429,-6.21376851520012,0.0213836995227944,0.0216084105162196,1
2.435,-0.00195276983991106,0.00196659205633311,0.00615192706642227,0.267163061557036,0.0445046167293621,-0.222658444827526,-6.74816131352389,0.0184557811992668,0.0184024725603673,1
2.44,-0.00194281364743844,0.00199487194269785,0.00515458431815846,0.258445786826958,0.0376276174573182,-0.220818169369618,-6.98933783178205,0.0154637529544754,0.0151991952455755,1
2.445,-0.00193273462245675,0.0020181378995147,0.00414445657740476,0.250650667379573,0.0307300202637727,-0.219920647115902,-7.21298617708396,0.0124333697322143,0.0121550673980389,1
2.45,-0.0019225581411298,0.00203631650847189,0.00312697064176893,0.243800178754619,0.0238430121679545,-0.219957166586666,-7.41897973498776,0.0093809119253068,0.00923259365175927,1
2.455,-0.00191230964056952,0.00204940760593238,0.00210763502023646,0.237902751169962,0.0169840389332389,-0.220918712236699,-7.60719848807277,0.00632290506070938,0.0063223857817662,1
2.46,-0.00190201466935011,0.00205739285867426,0.00109016853642263,0.23297034034221,0.0101746278626556,-0.222795712479554,-7.77754156192515,0.00327050560926789,0.00342559296582365,1
2.465,-0.00189169863600365,0.00206030929129661,7.87288036885047e-05,0.22900422663317,0.00342593150025905,-0.225578295132912,-7.92991629727772,0.000236186411065514,0.000566586891923568,1
2.47,-0.00188138684512851,0.00205818014671114,-0.000924050694606669,0.22900422663317,0.00342593150025905,-0.225578295132912,-7.92991629727772,-0.00277215208382001,-0.00229434690979945,1
2.475,-0.001871104316911,0.00205106878435054,-0.00191526976537504,0.223978662920929,-0.0098401844677071,-0.233818847388639,-8.18048748391558,-0.00574580929612513,-0.00514603290657784,1
2.48,-0.00186087581423896,0.00203902744905739,-0.00289335805255203,0.22291345335391,-0.0163418826354736,-0.239255335989382,-8.27858362046464,-0.00868007415765609,-0.00797568907550303,1
2.485,-0.00185072572577042,0.00202213520382502,-0.00385654732950801,0.222805545508636,-0.0227488528609597,-0.245554398369596,-8.3585114114028,-0.011569641988524,-0.0107816421624873,1
2.49,-0.00184067808809065,0.00200046197576231,-0.00480401562284479,0.223649449230923,-0.0290550114038081,-0.252704460634726,-8.42026457065243,-0.0144120468685344,-0.013556155760141,1
2.495,-0.00183075651486541,0.00197409504759658,-0.00573474265489976,0.225436202318888,-0.0352573029740383,-0.260693505292927,-8.46384660637723,-0.0172042279646993,-0.0162930331735667,1
2.5,-0.00182098421389363,0.00194311454921332,-0.00664821543124082,0.228158081961118,-0.0413510732611553,-0.269509155222273,-8.48928306366375,-0.0199446462937225,-0.0189871214944824,1
2.505,-0.00181138394056656,0.00190761289328417,-0.00754380725993993,0.231804857583867,-0.0473336374135914,-0.279138494997466,-8.49660937181323,-0.0226314217798198,-0.0216340207383363,1
2.51,-0.00180197801265588,0.00186767647661391,-0.00842100670193631,0.231804857583867,-0.0473336374135914,-0.279138494997466,-8.49660937181323,-0.0252630201058089,-0.0242299032752075,1
2.515,-0.00179278826872484,0.0018234028262648,-0.00927939058782406,0.241833921553502,-0.058950157151136,-0.300784078704621,-8.45716871996728,-0.0278381717634722,-0.0267714413058264,1
2.52,-0.00178383608851247,0.00177488257073568,-0.0101183071901187,0.248194352397508,-0.0645773009505026,-0.312771653347997,-8.41055682884124,-0.0303549215703561,-0.0292556561659079,1
2.525,-0.00177514234069603,0.00172221975436362,-0.0109374641923668,0.25543551485038,-0.0700799108871338,-0.325515425737448,-8.3461448219795,-0.0328123925771004,-0.0316798972930649,1
2.53,-0.00176672741939618,0.00166550792881201,-0.0117360188503418,0.25543551485038,-0.0700799108871338,-0.325515425737448,-8.3461448219795,-0.0352080565510253,-0.0340416566548766,1
2.535,-0.00175861116831929,0.0016048595658602,-0.0125137717679585,0.272511304401811,-0.0806944736298754,-0.353205778031674,-8.16441587265426,-0.0375413153038755,-0.0363385794861731,1
2.54,-0.00175081294378388,0.00154037021113242,-0.0132696681171537,0.282318933624608,-0.0857981135140833,-0.368117047138671,-8.04738730853586,-0.039809004351461,-0.038568268797376,1
2.545,-0.00174335150401387,0.00147216288468866,-0.014003557575821,0.292951640468303,-0.0907620412960672,-0.383713681764363,-7.91313496795613,-0.0420106727274631,-0.0407283468087261,1
2.55,-0.00173624510767604,0.00140033463537421,-0.0147141616690053,0.292951640468303,-0.0907620412960672,-0.383713681764363,-7.91313496795613,-0.044142485007016,-0.0428162677256718,1
2.555,-0.00172951135856555,0.00132502126799861,-0.0154013240652086,0.316634207448737,-0.100245708021401,-0.416879915470124,-7.59375651756903,-0.0462039721956258,-0.0448294322127699,1
2.56,-0.00172316734716412,0.00124632139472213,-0.0160635427378616,0.329650513092423,-0.104753993720309,-0.434404506812734,-7.40907816210814,-0.0481906282135848,-0.046765001381721,1
2.565,-0.00171722944239819,0.00116438584062,-0.01670059767791,0.343422181518139,-0.109102024738271,-0.45252420625641,-7.20807088412771,-0.0501017930337299,-0.0486200558967634,1
2.57,-0.0017117134826493,0.00107931541794302,-0.0173107752168817,0.357935085519253,-0.113277636888408,-0.47121272240766,-6.99102685243915,-0.0519323256506451,-0.0504783453389101,1
2.575,-0.00170663450746913,0.000991278088451177,-0.0178937385847056,0.373161940924151,-0.117279902307438,-0.490441843231588,-6.75824560134919,-0.0536812157541167,-0.0523219638258787,1
2.58,-0.00170200700376048,0.000900378032095972,-0.0184475852980571,0.38908752767267,-0.121094179584167,-0.510181707256837,-6.51007523465526,-0.0553427558941713,-0.0540419132647577,1
2.585,-0.00169784457145044,0.00080680223547061,-0.0189718178716274,0.405680433349166,-0.124719883620687,-0.530400316969854,-6.24687124330194,-0.0569154536148821,-0.0555881187300998,1
2.59,-0.0016941602298385,0.000710659853379694,-0.0194643725079285,0.422923998112772,-0.128139841361953,-0.551063839474725,-5.96904339050814,-0.0583931175237856,-0.0570050891063912,1
2.595,-0.00169096601241762,0.00061215851039132,-0.0199245617022955,0.422923998112772,-0.128139841361953,-0.551063839474725,-5.96904339050814,-0.0597736851068866,-0.0582633118529226,1
2.6,-0.00168827333751103,0.000511414236356743,-0.0203501890735198,0.459236919597074,-0.134342120020208,-0.593579039617282,-5.3712470662617,-0.0610505672205595,-0.0596087131747395,1
2.605,-0.00168609252886696,0.000408656619656126,-0.0207403668409277,0.47824709380516,-0.137104887262034,-0.615351981067194,-5.05224266011771,-0.062221100522783,-0.0609844697949486,1
2.61,-0.00168443325367085,0.000304010567947462,-0.0210927914425972,0.497792061018952,-0.139620114417086,-0.637412175436038,-4.7205449944574,-0.0632783743277915,-0.0620777602065547,1
2.615,-0.00168330396692412,0.00019772870523015,-0.0214063883072331,0.517826107203671,-0.141888309644281,-0.659714416847951,-4.37671689034714,-0.0642191649216993,-0.0630447424490487,1
2.62,-0.00168271241930257,8.99466848751353e-05,-0.0222874166828515,0.538325745006913,-0.143885361197793,-0.682211106204706,-4.02138229167887,-0.0668622500485545,-0.0637654670766398,1
2.625,-0.00168266665199492,-2.51454615983606e-05,-0.023023636598899,0.56040918687981,-0.144468318201098,-0.704877505080906,-3.65953632984945,-0.0690709097966969,-0.0642105411625061,1
2.63,-0.00168319575570587,-0.000140289681113859,-0.0229771102645191,0.582692437462637,-0.144939871149782,-0.727632308612419,-3.28646154568487,-0.0689313307935573,-0.0645334652189428,1
2.635,-0.00168430433645683,-0.000254916564243557,-0.0225594571077369,0.582692437462637,-0.144939871149782,-0.727632308612419,-3.28646154568487,-0.0676783713232106,-0.0648120674545131,1
2.64,-0.00168597749116953,-0.000365884252191223,-0.0224325644019985,0.626926753500349,-0.14625158973033,-0.77317834323068,-2.5082973684808,-0.0672976932059954,-0.0650260704458368,1
2.645,-0.00168821335339913,-0.000479242208263537,-0.0220772273428734,0.649430563833576,-0.146440920642639,-0.795871484476215,-2.10736418521475,-0.0662316820286203,-0.0652405017063872,1
2.65,-0.00169100261353575,-0.000586656525619963,-0.0234213668285393,0.670975871388732,-0.147417421348413,-0.818393292737145,-1.69538978700754,-0.0702641004856179,-0.0653031749309775,1
2.655,-0.00169434490076093,-0.000713455876548935,-0.0243444580104687,0.670975871388732,-0.147417421348413,-0.818393292737145,-1.69538978700754,-0.0730333740314061,-0.0650345371922209,1
2.66,-0.00169832222233964,-0.000830101105724645,-0.0230543569464515,0.720135832869842,-0.142808275410962,-0.862944108280804,-0.8730843683855,-0.0691630708393546,-0.0645631478200419,1
2.665,-0.00170287508134672,-0.000943999446013446,-0.0228324184353198,0.74350842452641,-0.141213057386866,-0.884721481913275,-0.450342042995585,-0.0684972553059595,-0.0639019317971891,1
2.67,-0.00170799218339389,-0.00105842529007785,-0.0217456700710476,0.767168602016512,-0.138950214973829,-0.906118816990341,-0.0256503774843371,-0.0652370102131427,-0.0631072415130529,1
2.675,-0.00171365600588568,-0.00116145614672393,-0.0204262938179453,0.767168602016512,-0.138950214973829,-0.906118816990341,-0.0256503774843371,-0.0612788814538359,-0.0619082348472355,1
2.68,-0.00171982905902175,-0.0012626882282573,-0.0201542069797626,0.810296901394478,-0.137016510427214,-0.947313411821692,0.840954059450702,-0.0604626209392877,-0.0603369156834036,1
2.685,-0.00172650490294726,-0.00136299821652155,-0.0203978009470492,0.831761392673585,-0.135276662611895,-0.96703805528548,1.27374383580605,-0.0611934028411475,-0.058759616599102,1
2.69,-0.00173368908501084,-0.00146666623772778,-0.0204698388108935,0.854038493944384,-0.132080498428903,-0.986118992373287,1.70214760465222,-0.0614095164326805,-0.0572527047169589,1
2.695,-0.00174138740766873,-0.00156769660463049,-0.0209653913317815,0.875978904243155,-0.128466070243542,-1.0044449744867,2.12831516604755,-0.0628961739953446,-0.0555079957911736,1
2.7,-0.0017495866758425,-0.0016763201510456,-0.0203632742744273,0.899542663475586,-0.122497864570151,-1.02204052804574,2.54514576020002,-0.0610898228232818,-0.0535026870921962,1
2.705,-0.00175831377071766,-0.00177132934737476,-0.018469724902224,0.920666642879312,-0.11798843088635,-1.03865507376566,2.96334944096839,-0.0554091747066719,-0.0512250393587149,1
2.71,-0.00176749896222565,-0.00186101740006784,-0.0174406412356742,0.940920176745497,-0.113384858504257,-1.05430503524975,3.37637911385676,-0.0523219237070224,-0.0487183257383043,1
2.715,-0.00177711665538307,-0.0019457357597315,-0.0164642792826279,0.960362295296094,-0.108564731312524,-1.0689270266086,3.78229752809693,-0.0493928378478836,-0.0463217070804675,1
2.72,-0.00178714214655526,-0.00202566019289412,-0.0158435563182799,0.960362295296094,-0.108564731312524,-1.0689270266086,3.78229752809693,-0.0475306689548397,-0.0438122378750112,1
2.725,-0.00179755676757021,-0.0021041713229143,-0.0138943700221294,0.997532003200092,-0.0973403528778394,-1.09487235607801,4.56536811466809,-0.0416831100663883,-0.0411715629149424,1
2.73,-0.001808313163448,-0.00216460389311541,-0.0120244024520758,1.01268704410374,-0.0932451777886088,-1.1059322218923,4.94643271251736,-0.0360732073562274,-0.0384748114877318,1
2.735,-0.00181937268297446,-0.00222441534743506,-0.011936016674408,1.02782291115193,-0.0879504042012963,-1.11577331535322,5.31250687558064,-0.0358080500232239,-0.0356059064357535,1
2.74,-0.00183072297172621,-0.0022839640598595,-0.0120110739327349,1.04300433566122,-0.0813444481035077,-1.12434878376473,5.66199588940503,-0.0360332217982047,-0.0324511422548269,1
2.745,-0.00184236966327273,-0.0023445260867624,-0.0102196019215018,1.0584781900891,-0.0731639686803707,-1.13164215876947,5.99332627838348,-0.0306588057645053,-0.0289929780671941,1
2.75,-0.00185426040312739,-0.00238616007907451,-0.00804006645003106,1.07039829985945,-0.0669706336578116,-1.13736893351726,6.31411927274256,-0.0241201993500932,-0.0252006605286166,1
2.755,-0.00186635501685358,-0.00242492675126272,-0.00747783269417044,1.08183517756815,-0.0598729817619019,-1.14170815933005,6.61599964760468,-0.0224334980825113,-0.021355402276138,1
2.76,-0.00187863047941978,-0.00246093840601622,-0.00679746266759436,1.08183517756815,-0.0598729817619019,-1.14170815933005,6.61599964760468,-0.0203923880027831,-0.0176237302488291,1
2.765,-0.0018910672072071,-0.00249290137793866,-0.00627802634159437,1.10304625899585,-0.0430862157767879,-1.14613247477264,7.15768464890192,-0.0188340790247831,-0.0138466736606398,1
2.77,-0.00190365802946492,-0.00252371866943216,-0.00526613399712572,1.11312063373243,-0.033119444948131,-1.14624007868056,7.39542063139302,-0.0157984019913772,-0.0100354273053272,1
2.775,-0.00191637444869821,-0.00254556271790992,-0.00326094535056583,1.12151354814439,-0.023331927250766,-1.14484547539515,7.61234707916249,-0.0097828360516975,-0.00612569864673723,1
2.78,-0.00192916451998769,-0.00255632812293782,-0.00154903382747089,1.12151354814439,-0.023331927250766,-1.14484547539515,7.61234707916249,-0.00464710148241266,-0.00234696202372188,1
2.785,-0.00194198833960585,-0.00256105305618463,-7.18716159143101e-05,1.13294497601911,-0.00463046641777132,-1.13757544243685,7.98119272789892,-0.00021561484774293,0.00129325110318176,1
2.79,-0.00195480711180729,-0.00255704683909696,0.00168554831943705,1.13640824081707,0.00463677775460715,-1.13177146306247,8.13054393401296,0.00505664495831115,0.00506437660524095,1
2.795,-0.00196757561250051,-0.00254419757299025,0.00373731050253589,1.13815697544462,0.0136323002465852,-1.124524675198,8.25588068187466,0.0112119315076077,0.00909495819203104,1
2.8,-0.00198022481630481,-0.0025196737340716,0.00558083143826084,1.13815697544462,0.0136323002465852,-1.124524675198,8.25588068187466,0.0167424943147825,0.0130990130457521,1
2.805,-0.00199272356756909,-0.00248838925860765,0.0065535334929231,1.13574468633784,0.030114238704313,-1.10563044763352,8.43038355344277,0.0196606004787693,0.0168581056278063,1
2.81,-0.0020050742319386,-0.00245413839914237,0.00765197928893827,1.13324619415892,0.0389098462953647,-1.09433634786353,8.47984202819021,0.0229559378668148,0.0206193313240289,1
2.815,-0.00201719841063184,-0.00241186946571827,0.00899875488165064,1.12913339098887,0.0474754137286466,-1.08165797726023,8.50015410113898,0.0269962646449519,0.0244767249681454,1
2.82,-0.00202908798493302,-0.00236415085032587,0.0102144452045603,1.12389674667841,0.0561083807567195,-1.06778836592169,8.49422395946712,0.0306433356136808,0.0284270798174055,1
2.825,-0.00204075666878858,-0.00230972501367266,0.0115245442918502,1.11729933233026,0.0643341769734934,-1.05296515535676,8.46789850037525,0.0345736328755506,0.0323057115526637,1
2.83,-0.00205212055934737,-0.00224890540740737,0.0125567863389779,1.10937363005291,0.0723267825995853,-1.03704684745332,8.41441191820849,0.0376703590169338,0.0359572290998493,1
2.835,-0.00206314331527339,-0.00218415715028288,0.0134570894362497,1.10058096194826,0.0805009038614475,-1.02008005808682,8.33233135175736,0.0403712683087491,0.0393658720626571,1
2.84,-0.00207381856240877,-0.00211433451304487,0.0144618618400064,1.09069923481423,0.0885010351212057,-1.00219819969302,8.22512416925563,0.0433855855200192,0.0424542009213321,1
2.845,-0.00208411964495948,-0.00203953853188282,0.0162029971747957,1.07973904717368,0.096255757691216,-0.983483289482469,8.09329605565753,0.0486089915243872,0.0452456644037904,1
2.85,-0.00209404638000548,-0.00195230454129691,0.0178087820545458,1.06626706700168,0.10218559594389,-0.96408147105779,7.94617412364323,0.0534263461636373,0.0478175952466253,1
2.855,-0.00210351489095019,-0.00186145071133736,0.0182735816243481,1.05194875464311,0.107945123818338,-0.944003630824776,7.77479561462335,0.0548207448730442,0.0501949832997771,1
2.86,-0.0021125048105918,-0.00176956872505343,0.0188507471793878,1.03727500781426,0.113945929610939,-0.923329078203331,7.57839391087317,0.0565522415381633,0.0524882028890364,1
2.865,-0.00212102530224843,-0.00167294323954348,0.020204292841221,1.02153547841336,0.119379139325729,-0.902156339087926,7.36226630337458,0.0606128785236631,0.0547462394633551,1
2.87,-0.00212905442521126,-0.00156752579664122,0.0213744576032265,1.00394558782113,0.123380755423747,-0.880564832397291,7.13101657938017,0.0641233728096796,0.0568957458435817,1
2.875,-0.00213654509494849,-0.00145919866351122,0.0218842881496818,0.985619229025663,0.126986445813679,-0.858632783211728,6.88079066570428,0.0656528644490453,0.0588373575707915,1
2.88,-0.00214348484553373,-0.0013486829151444,0.022299677479733,0.966690737834302,0.130251129566527,-0.836439608267782,6.61254080702684,0.0668990324391991,0.0605151227733037,1
2.885,-0.00214986436570645,-0.00123620188871388,0.0223114669121839,0.966690737834302,0.130251129566527,-0.836439608267782,6.61254080702684,0.0669344007365516,0.061986772535363,1
2.89,-0.00215567416925825,-0.00112556824602256,0.0215464303948107,0.927875709790187,0.136290894811115,-0.791584814978899,6.02463952567765,0.064639291184432,0.063233050551531,1
2.895,-0.0021609192063716,-0.00102073758476578,0.0212257926966452,0.909479239185133,0.140380769754048,-0.76909846943135,5.70192274380052,0.0636773780899355,0.0642707561366552,1
2.9,-0.00216563010493932,-0.000913310319056108,0.0217408264023801,0.89040783980462,0.143764665377418,-0.746643174427395,5.36747493087927,0.0652224792071402,0.06502293843625,1
2.905,-0.00216979416432018,-0.000803329320741977,0.022222547810324,0.89040783980462,0.143764665377418,-0.746643174427395,5.36747493087927,0.066667643430972,0.0654542139094122,1
2.91,-0.0021733995181232,-0.000691084840952872,0.0226060706177381,0.850304181768307,0.148208801489984,-0.702095380278347,4.66888053854402,0.0678182118532142,0.0657508132715744,1
2.915,-0.00217643736027298,-0.000577268614564601,0.0234582353091692,0.829453646160235,0.149321958628003,-0.680131687532253,4.30686866386035,0.0703747059275075,0.0659287512874384,1
2.92,-0.00217890197314259,-0.000456502487861175,0.0240452995432367,0.807079409461818,0.14865981053733,-0.658419598924493,3.94201203817927,0.0721358986297102,0.0658409343651953,1
2.925,-0.00218076886050903,-0.000336815619132228,0.0238057272950288,0.807079409461818,0.14865981053733,-0.658419598924493,3.94201203817927,0.0714171818850863,0.0654606021423451,1
2.93,-0.00218203532427292,-0.000218445214910893,0.0232689007094357,0.76240519836151,0.146320234204855,-0.616084964156654,3.1927253881435,0.0698067021283071,0.064855725457084,1
2.935,-0.00218272265277794,-0.000104126612037876,0.0228583346733926,0.740682112635693,0.145110972816996,-0.595571139818689,2.80922980658718,0.0685750040201779,0.0640800247774795,1
2.94,-0.00218283582758036,1.01381318230288e-05,0.0221810355494259,0.718779794789576,0.143247418559606,-0.575532376229961,2.42353869575578,0.0665431066482777,0.0633326486277529,1
2.945,-0.00218239593366578,0.000117683743456388,0.0217258009358761,0.697984988969823,0.141937467538156,-0.556047521431669,2.03298352714342,0.0651774028076282,0.0626547680141826,1
2.95,-0.00218141157057928,0.000227396141181794,0.0214682732719591,0.676594371760805,0.13949777089288,-0.537096600867927,1.64422059954715,0.0644048198158772,0.0619484617036162,1
2.955,-0.00217989712575946,0.000332366476175974,0.0208277103666812,0.655939244259504,0.137182961178367,-0.518756283081138,1.25433083189757,0.0624831311000436,0.06178476082844,1
2.96,-0.00217786367917872,0.000435673244848602,0.0203497771594835,0.635432170494519,0.134394645423416,-0.501037525071108,0.866145964562156,0.0610493314784505,0.0615277670072541,1
2.965,-0.00217532098560037,0.000535864247770814,0.0200963132904357,0.615355204439232,0.131378402439953,-0.483976801999279,0.479974260519869,0.0602889398713071,0.0611782978491452,1
2.97,-0.00217227445539603,0.000636636377752964,0.0195895743855193,0.595000301403598,0.127428739925655,-0.467571561477942,0.0990205997519856,0.058768723156558,0.060637332668065,1
2.975,-0.00216874658114005,0.000731759991626003,0.0187121320432753,0.575571026062018,0.123686348289166,-0.451884677772818,-0.279279734995867,0.0561363961298258,0.0599186722954622,1
2.98,-0.00216475355682106,0.000823757698185712,0.0176501513528538,0.556588365564657,0.119669901591038,-0.436918463973614,-0.652606892955735,0.0529504540585615,0.0591521049894873,1
2.985,-0.00216031858671672,0.000908261505154545,0.0168697727225018,0.538898668674808,0.116172563533739,-0.422726105141084,-1.02262277007867,0.0506093181675055,0.0583910623367144,1
2.99,-0.00215545620488103,0.000992455425410734,0.0170798338640978,0.52112735000548,0.111861416999888,-0.4092659330056,-1.38418750199077,0.0512395015922935,0.0576076822072172,1
2.995,-0.00215017841081345,0.00107905984379552,0.0168012660998187,0.502756037294365,0.10623849402008,-0.396517543274233,-1.73456133303121,0.050403798299456,0.0568630635037955,1
3,-0.00214448811611592,0.00116046808640892,0.0162816485226799,0.485246230195055,0.100692662188338,-0.384553568006719,-2.0776458701874,0.0488449455680395,0.0561072144761744,1
